#taxonomy,MCTs01,MCTs03,MCTs04,MCTs05,MCTs06,MCTs07,MCTs08,MCTs09,MCTs10,MCTs11,MCTs12,MCTs13,MCTs14,MCTs15,MCTs16,MCTs18,MCTs19,MCTs20,MCTs21,MCTs22,MCTs23,MCTs24,MCTs25,MCTs26,MCTs27,MCTs28,MCTs29,MCTs31,MCTs32,MCTs33,MCTs34,MCTs35,MCTs36,MCTs37
k__Bacteria;p__Bacteroidetes;c__Bacteroidia;o__Bacteroidales;f__Bacteroidaceae;g__Bacteroides;NA,0.24552532055752,0.297745905949607,0.279639473658871,0.439379903123486,0.170072348852066,0.268208906871744,0.386105664253229,0.250672879392799,0.160434336711269,0.256223289731457,0.241730969612252,0.223886149231302,0.0955312260091728,0.234318074797393,0.23661909114519,0.460921723534914,0.42661043778774,0.189612392983396,0.329063603479406,0.261969355409601,0.245561657146181,0.084078720928634,0.262320317108934,0.297665724190426,0.213462633932085,0.192738300159302,0.124326748759511,0.130526240268913,0.190650562334293,0.24630520558539,0.0913809405635174,0.0227886544081561,0.28896178418067,0.401411199459547
k__Bacteria;p__Firmicutes;c__Clostridia;o__Clostridiales;f__Ruminococcaceae;g__Faecalibacterium;s__Faecalibacterium prausnitzii,0.0984029321658632,0.0704124666668225,0.0311518309002796,0.0918458794211884,0.1328198340003,0.0894660291164765,0.0361039840903853,0.0737628477649784,0.0632348797630066,0.0385246936497166,0.0451223043412699,0.0361984859735119,0.0861513769165684,0.0321907817705157,0.0338284617412794,0.0003812686817477,0.0154036124648882,0.0355041714231997,0.0930396865610928,0.0635222445379966,0.0250535500982489,0.0332711361177523,0.0633831133864024,0.0738785957898367,0.101931732581802,0.0722734617088555,0.115096008481115,0.0284881662685433,0.118337333604475,0.0262831368151806,0.0307518047500939,0.0862338852684121,0.128066818522632,0.001070071114461
k__Bacteria;p__Bacteroidetes;c__Bacteroidia;o__Bacteroidales;f__Bacteroidaceae;g__Bacteroides;s__Bacteroides uniformis,0.12722781437516,0.0841208454766206,0.0091351283686717,0.0901146988397801,0.0374190104963105,0.0373290003706826,0.0983548660061647,0.0990090539568332,0.0316872259262135,0.0324499336939069,0.0132676380952205,0.031688281529646,0.0201995332098014,0.0313239545937307,0.074075776367126,0.0002710088974448,0.0025347737384181,0.0582406629890796,0.0882064944419521,0.0607878721091677,0.140923514752234,0.0148144352530319,0.0620716671854787,0.0800396428776692,0.0833864252172707,0.021423939310141,0.0320074272487187,0.0012449440686677,0.0149639557025054,0.0274171339463009,0.0014990482343464,0.0024617341922156,0.0596090414676389,0.0760223169639359
k__Bacteria;p__Bacteroidetes;c__Bacteroidia;o__Bacteroidales;f__Prevotellaceae;g__Prevotella;s__Prevotella copri,3.15384664466266e-05,7.85856683112203e-05,8.32237821013386e-05,1.43404620726327e-05,0.0133078433618423,3.92083891576388e-05,9.21543862602732e-05,3.59532762284681e-05,4.5942479434198e-05,0.0002065440896592,0.0001830178549567,0.0001120432849464,0.12083250565209,5.80302712492044e-05,3.50892019405811e-05,5.55011372164453e-05,1.43696507750304e-05,2.1560713964357e-05,0.0001368256017434,5.66918340190497e-05,8.54216443273144e-05,0.418397919705186,2.2789744407837e-05,3.56056963506965e-05,1.79575489788245e-05,0.0007045344813793,0.000113541555582,0.447494469202189,0.0643031523020249,2.64740525541712e-05,3.15406680521454e-05,0.538287353943546,0.0002337979281304,0.0001083524268125
k__Bacteria;p__Bacteroidetes;c__Bacteroidia;o__Bacteroidales;f__Rikenellaceae;g__Alistipes;s__Alistipes putredinis,0.0577261494905079,0.0001077996714008,0.0012783906583941,2.48568009258967e-05,0.0022246652079601,0.0423234956762132,0.0004675604680424,0.0289436779943456,0.0864189669164716,0.0515480395101397,0.0553349165071621,0.0739456098260852,0.139949409773348,0.143050663449211,0.0013126326810448,0.0002424230274403,0.0002328536591499,0.0945293569243958,0.0001316577282963,0.0367435276292006,9.86282801279189e-05,0.0549922534680259,0.037224457746519,0.0391387907240152,0.0493963765101518,0.0764486914134911,0.021212197248656,0.0002896244467732,0.002601774955361,0.127657730135913,0.159240167976586,0.0003023302342204,0.0493532480297098,0.0006181178710784
k__Bacteria;p__Bacteroidetes;c__Bacteroidia;o__Bacteroidales;NA;NA;NA,0.0380663820912555,0.0234036300151679,0.0489647007359917,0.0293312162987191,0.031870336498325,0.0380432465265043,0.0462542042256605,0.044416493076874,0.0773959221106324,0.0576715746369861,0.0432230508135891,0.0531902384044445,0.037417211688342,0.0610780694537719,0.0292705720948427,0.0228118955086215,0.0465214178011887,0.0455023057027514,0.0442365045291489,0.0437527191378255,0.0478920382812603,0.0365905427738125,0.0497500120423081,0.0421183146450154,0.0482681739764822,0.0387798518569052,0.0227823326830309,0.0280659320496943,0.0610763095466898,0.0467102132053784,0.0428093515654569,0.0245910077275471,0.0370078633680638,0.0257137034368626
k__Bacteria;p__Bacteroidetes;c__Bacteroidia;o__Bacteroidales;f__Bacteroidaceae;g__Bacteroides;s__Bacteroides stercoris,0.0002163939865441,0.0624063691200976,0.105741432191876,0.0003349931940167,0.0004876787318935,0.0001280807379149,0.0014413760635515,0.0133279716857809,0.0007013497493372,0.0003318587598612,0.224129493381291,0.111796272027784,0.0027418088186261,0.000550078612883,0.0234929620203868,0.0010374443341227,0.0004903643326979,0.0173457381224183,0.0015077886005078,0.0007561034492203,0.0001961325912515,0.002177110841437,0.192260844508509,0.117913870661607,0.0004381641950833,0.014546708199685,0.0120341502888723,0.0003390223219588,0.0078914809746732,0.0004378051890958,0.0003358561246431,0.0006121845240436,0.0003953569226071,0.305306232864273
k__Bacteria;p__Bacteroidetes;c__Bacteroidia;o__Bacteroidales;f__Bacteroidaceae;g__Bacteroides;s__Bacteroides dorei,0.0387859331147517,0.0018039646907873,0.217511200820591,0.0027933308055878,0.0034692496714367,0.0103407225354628,0.154356560424935,0.0142328879920851,0.0022732804064339,0.049806390710506,0.0037141677405667,0.003487023686616,0.0185469602479564,0.0239776849427767,0.0905360715760414,0.13973330125776,0.0006410823743496,0.0114297656867849,0.0055527569743528,0.0786489847596638,0.0017831768253326,0.0124377767474064,0.0034745727743009,0.0387109616481793,0.0347086629714715,0.0102447841099252,0.0572330989317057,0.0028733097399672,0.0032191689318979,0.0478464795410035,0.0003781414158779,0.0127125759459362,0.0280778144982472,0.0043320972793905
k__Bacteria;p__Bacteroidetes;c__Bacteroidia;o__Bacteroidales;f__Bacteroidaceae;g__Bacteroides;s__Bacteroides vulgatus,0.0090003126501153,0.0383956721207263,0.0020058536352744,0.0649550273549094,0.0280066928887467,0.0392993852941422,0.0064861074292727,0.0320754849175084,0.0245382271960287,0.0342495499083496,0.0646321310278326,0.0480809906549244,0.0057778390494358,0.0149699965363182,0.0019968721188861,0.0561281701312184,0.0002950677153463,0.0088278187255663,0.0476153094067355,0.0017720975532696,0.0287935569600797,0.0005434445259576,0.0480744478795956,0.0180738159353715,0.0157834363315882,0.0111462633886931,0.0045485625388142,0.0285446209830412,0.0254338413520719,0.0249827313537197,0.0004935594649039,0.0005814042965777,0.0370304602758816,0.0462315807691895
k__Bacteria;p__Bacteroidetes;c__Bacteroidia;o__Bacteroidales;f__Rikenellaceae;g__Alistipes;s__Alistipes shahii,0.013848121319183,0.0027849709145385,0.0006939900507458,5.41113435540675e-05,0.0241182520555127,0.0296412154665986,0.0005549628785839,0.0035888744707032,0.0824495948483942,0.019337479347936,0.0139284759438679,0.0407734018855812,0.0151110003131608,0.0328735441806821,0.0007675145156862,5.55011372164453e-05,6.76026752370747e-05,0.117153157825289,0.0174905446372608,0.0684542217686876,0.0041446357033812,0.0226917771781627,0.0082405643983792,0.0205489725513724,0.0124961118002646,0.0823282042410945,0.0280993394516131,0.0006524636014108,0.0295152689901841,0.0170963380182825,0.06967957454065,0.0025434727962639,0.0007570853760997,0.0001790723832388
k__Bacteria;p__Bacteroidetes;c__Bacteroidia;o__Bacteroidales;f__Tannerellaceae;g__Parabacteroides;NA,0.0177824082809439,0.0029485693318406,0.0046779560605942,0.0009852853474703,0.0041966348986679,0.0105960671698519,0.0069458610800629,0.0111823907859312,0.0157242497491337,0.095495781791891,0.0853191618614843,0.0333770659598449,0.0029510231461518,0.023155589433413,0.0139620428735684,0.0058996409503353,0.0647842641873358,0.0139414451255394,0.0005866766808569,0.0003488564917352,0.0231360589769016,0.0053246732146628,0.0102248260080707,0.0147101990694858,0.0329421086097547,0.0244881567144573,0.0086881245569683,0.0291168130372754,0.0218634205928447,0.0260654444630351,0.0933804802777242,0.0016392181138218,0.0184008221715878,0.0134164301911311
k__Bacteria;p__Bacteroidetes;c__Bacteroidia;o__Bacteroidales;f__Rikenellaceae;g__Alistipes;s__Alistipes finegoldii,0.0087232116732432,0.0825465028501181,0.001239415333443,0.0003374788741092,0.0057694873705378,0.0488515291026719,0.0071262664439574,0.0015858160453387,0.0024628658278965,0.0217993123076077,0.000638172621454,0.0101715334621153,0.0407404161118817,0.0729404240682968,0.037437460292985,0.0011883554530424,8.60546131641024e-05,0.0129275166168423,0.000828336286814,0.0437718287447982,0.0034685683472906,0.0011552101728482,0.0171556707013147,0.0070141820011803,0.0101163461790708,0.0201927297726526,0.009735717915101,0.0002869781320311,0.053289122808731,0.0236192420070297,0.126750160476146,0.0001292769553567,0.020355365733622,0.0001325317435341
k__Bacteria;p__Bacteroidetes;c__Bacteroidia;o__Bacteroidales;f__Rikenellaceae;g__Alistipes;NA,0.0289570520831339,0.0197028001037681,0.0001976278241635,3.09753980768867e-05,0.0023805334709382,0.0163497349104472,0.0351184582689978,0.0369697398789684,0.0062307306918733,0.0063460249454984,0.0115882526898382,0.0314638251799349,0.0293120284143888,0.0243959864813647,0.0246343495116794,0.0001709583524292,0.0002259954167345,0.0265958593654998,0.0193020073250915,0.0493499230201332,0.0453392236802286,0.0039532516895938,0.001914683829416,0.0106334870172379,0.0409399324671236,0.0076491735018693,0.0064957061218344,0.0220490944310953,0.0086770014465157,0.0102260944600246,0.0138806667489266,0.0011915368054569,0.0122704768018721,0.0004246833373056
k__Bacteria;p__Firmicutes;c__Clostridia;o__Clostridiales;NA;NA;NA,0.012549210490095,0.0122640384970447,0.015259986051419,0.015962081523806,0.0385124499775054,0.0126363737206425,0.0082543515369077,0.0096758563240706,0.0120520499214471,0.0103703517496498,0.0082052747996902,0.0176207479018693,0.0165917973008269,0.0115725054992749,0.0145756096934167,0.0243520056607448,0.0210004281502765,0.0127843534761189,0.0107208765107109,0.0121295045324803,0.0065563921943724,0.0045833473933201,0.0082353849110138,0.009475320626492,0.0216738247018422,0.0210466986569989,0.0342901770871886,0.016006381735018,0.0228188116107739,0.0071911090752144,0.01725967743948,0.0066817033777879,0.0093504936979537,0.0040843047328376
k__Bacteria;p__Bacteroidetes;c__Bacteroidia;o__Bacteroidales;f__Bacteroidaceae;g__Bacteroides;s__Bacteroides ovatus,0.0085740875949002,0.006042332259037,0.0010408704428101,0.0078287450546916,0.0017487946778073,0.0105083383991117,0.0409092498225646,0.0048170015115126,0.0077372369320542,0.0226123568894273,0.0117157638659538,0.0036830069903176,0.0088112265729503,0.0084267812119743,0.0151068898636439,0.0435880687033542,0.0909048601751334,0.0024518843920266,0.0244807086975556,0.0096047007934521,0.0007435054963489,0.0049376590601096,0.0105243730273707,0.0063394961093066,0.0070032879491417,0.0033618679950085,0.0077565819600659,0.001517514487103,0.0086379347090173,0.0154110754728341,0.0003209522924866,0.0032261098409517,0.0344241649552919,0.0026526346637956
k__Bacteria;p__Bacteroidetes;c__Bacteroidia;o__Bacteroidales;f__Bacteroidaceae;g__Bacteroides;s__Bacteroides caccae,0.0095282629323664,0.0229955103920052,0.0527214635280372,0.0006441735563026,0.0112791943027788,8.33178269599824e-05,0.0002002618338621,0.0195353509205698,0.0092696221638151,0.0275275809522452,0.0001410794753878,0.0188839157611991,0.0035777852262972,0.0001876916585716,0.0001865658272192,0.0002275732248406,0.0035011327530389,0.0027060133406199,5.9553589248067e-05,0.0100380642138,0.0001700003119013,0.0023791580588303,0.0176573903774448,0.0096497044306663,0.000138195050837,0.000623726203688,0.0002540570718824,8.90925963170356e-05,0.0245876279130444,0.026848320017137,0.0889987536237108,0.0019193181837613,0.0091976531954696,0.0006973823980755
k__Bacteria;p__Bacteroidetes;c__Bacteroidia;o__Bacteroidales;f__Tannerellaceae;g__Parabacteroides;s__Parabacteroides merdae,0.0216950011530682,0.0331809725692197,0.0007173752457164,0.0002848971798429,0.0099991852340798,0.0203658175382065,0.0001288124846621,0.0291745164653099,0.0246402892864173,0.0217563526377331,0.0146438953600425,0.012345099234112,0.0092644508740534,0.0002357479769498,0.0001724807250318,0.0001523960991796,5.35596074342041e-05,0.0081237895455835,0.0006545973033052,3.69452401472459e-05,0.0275695547143896,0.0092279338401594,0.0247714162738457,0.0094629847946855,0.0001374142878379,0.0009688871888018,0.0032519305200956,0.0268842054998653,0.0212296325389647,0.0308419686650088,0.000164981955965,3.65942704316585e-05,0.0062458209065167,0.0004937670993673
k__Bacteria;p__Bacteroidetes;c__Bacteroidia;o__Bacteroidales;f__Bacteroidaceae;g__Bacteroides;s__Bacteroides cellulosilyticus,0.000103912866327,0.0003587479579411,0.0003140952657819,0.0003835595589026,0.0132369941513977,0.0295345359744322,2.91907079866795e-05,0.111170664486607,0.0044921858530311,0.0413345186950541,0.0030858629731289,0.0053407299157789,0.0099881122216843,0.0045348239053284,8.94527542428899e-05,0.0001342050909949,0.0027738324740391,0.0261735568479846,0.0001508526868143,0.0001356782095062,0.0214686509590125,0.0023704096226132,5.55931643888144e-05,0.0001340119909892,0.0439158887144144,0.0088763223218857,0.0003268240356809,0.0001705402833791,0.0152416085868689,0.0042894016349769,0.0002620301653562,0.0003026722367478,0.0009988900825908,0.0020179730496972
k__Bacteria;p__Firmicutes;c__Clostridia;o__Clostridiales;f__Lachnospiraceae;g__;s__[Eubacterium] rectale,0.010600753094826,0.0064615532033738,0.0036244759538293,0.026169813633267,0.0183830084700231,0.0010721860751732,0.0106115012068321,0.0024542259480878,0.0134724867064854,0.0013360644927823,0.0037359078564461,0.0081007664796073,0.0033201212650287,0.0203589534965959,0.0054976377800989,0.000179125743859,0.0147120730213399,0.0029460559560897,0.0013633342331995,0.0035851745970474,0.00593202741248,0.0018546684780095,0.0094817422207121,0.00542089717944,0.0042771758615563,0.0455705896852091,0.0433565643956265,0.0094946832596481,0.003186729587368,0.0100052252215727,0.0155665327863511,0.0041536206952569,0.0180245035886381,0.006136456064818
k__Bacteria;p__Bacteroidetes;c__Bacteroidia;o__Bacteroidales;f__Bacteroidaceae;g__Bacteroides;s__Bacteroides fragilis,0.0162069433848067,0.0089298443244203,0.0027456970094921,0.0277421018949104,0.0108245785357594,0.0123530931089786,0.011433932433015,0.0044749844479033,0.0006498825413634,0.0032591194093101,0.0103606299761352,0.0071685515576605,0.0024815021500626,0.0030236189248804,0.0161889716615157,0.0095382138323312,0.0689715477648825,0.0024369356303447,0.0060848018501971,0.0257448871715722,0.01025902708681,0.0013755874470771,0.0113323730563758,0.0027692540606614,0.0034088112539803,0.0125252830421596,0.0012658942495279,0.0044955006768685,0.0084889927723047,0.0041886489549708,0.0040926616303267,0.0019504404137546,0.0031713959444422,0.0178617884804281
k__Bacteria;p__Bacteroidetes;c__Bacteroidia;o__Bacteroidales;f__Bacteroidaceae;g__Bacteroides;s__Bacteroides thetaiotaomicron,0.0151641686560511,0.0147530715602848,0.0010823677005521,0.0129777357634107,0.0116771307014426,0.0032670390265602,0.0209860824814003,0.0001631725613445,0.0025559138875101,0.0109740382896348,0.0079132479948983,0.0089438644653427,0.0008020616640511,0.0065072486458092,0.0003368069172183,0.0008167391429844,0.0114560407889069,0.002800880482063,0.0002234490042861,0.033457312216793,0.0011399855626181,0.0019544423101037,0.0033782343093041,0.0024624002444737,0.0268084344889875,0.0118045056908925,0.0085118528601807,0.0077978074400256,0.0030967365670592,0.0237519148304012,0.0530281814136042,0.0027767185199498,0.0107694727518657,0.0009402663615345
k__Bacteria;p__Bacteroidetes;c__Bacteroidia;o__Bacteroidales;f__Bacteroidaceae;g__Bacteroides;s__Bacteroides plebeius,7.83904079309216e-06,3.03825632132599e-05,5.68581211050468e-05,0.0002707479239313,0.0001204436577558,3.77380745642273e-05,1.49347808303942e-05,0.0003257919953625,0.181271868111354,0.0001602076771744,0.000101762244542,0.0001453234685938,0.018247012969967,0.0003209799378471,7.70974014469107e-05,0.0001659465440518,5.2253275545565e-06,0.083931834796635,0.0010256998346526,6.11507423126829e-05,0.000886811544398,0.0189391146332593,0.000233940179338,0.0004736679053897,0.0001083699042722,0.000680576248295,1.69371381254979e-05,9.70315405433061e-06,8.51096781214759e-05,0.0005704780124673,0.0003528395612866,2.83862097740902e-05,0.0003786316522538,0.0001174423955049
k__Bacteria;p__Bacteroidetes;c__Bacteroidia;o__Bacteroidales;f__Rikenellaceae;g__Alistipes;s__Alistipes obesi,9.88083746478129e-05,0.0001349686942742,1.37559970415436e-05,1.16635758190746e-05,4.25095262667544e-05,0.0365693378307534,5.60054281139782e-06,0.0200007153780091,0.0283645378724503,0.0045128289017651,1.31057436152672e-05,0.032861962672946,0.0178462023635493,0.0171479451541399,0.029346186853954,3.95375994217487e-05,1.48595252332701e-05,0.0124767539568941,2.55932780239627e-05,3.94931877436077e-05,0.0377619866376945,0.0052257325669703,0.0038290223596743,1.2476011713433e-05,0.0012835743704864,0.0099654067478566,0.0057423171259558,1.14673638823907e-05,0.0089940698785338,0.0136547111862403,0.0004020568674778,0.0003064342645492,0.0001350476616826,0.0001690734176773
k__Bacteria;p__Bacteroidetes;c__Bacteroidia;o__Bacteroidales;f__Bacteroidaceae;g__Bacteroides;s__Bacteroides coprocola,0.0004143753423883,0.0002039137415659,0.0006967412501541,0.0001260048600782,0.0001275285788002,2.33616652064265e-05,1.17102258783773e-05,7.20909282324669e-05,0.0003210158056668,0.0007177454014862,0.0004514543212412,0.0001371883125911,0.0003303384118826,0.001598854869314,0.0001292369902459,0.0015876295204423,7.0215339014353e-06,0.00290149714723,0.179632820130688,5.05342939945087e-05,0.0599716141627962,0.0253275560326925,0.0002719230866844,1.96251869649508e-05,0.0001163336868628,0.000577434024508,0.0001806628066719,2.20526228507514e-05,4.95310421854491e-05,6.24787640278441e-05,0.0001417597058607,7.18205307537223e-06,1.67252703533196e-05,0.0022503126494731
k__Bacteria;p__Bacteroidetes;c__Bacteroidia;o__Bacteroidales;f__Bacteroidaceae;g__Bacteroides;s__Bacteroides massiliensis,0.0001766518727559,0.0011638858830925,0.0007577261703716,0.0002099443647433,0.0146563400006376,0.0001078230701835,0.0007615041089315,0.0002206978033101,0.0001858053440408,0.0002498789531572,0.0004158375356514,0.0001497608264135,0.0063156299839807,0.0456710324371082,0.0001423336642096,0.000341731082326,0.0004459490484841,0.0108717744093874,0.0002180350416272,0.0001910960697271,0.00252106247666,0.0081843703771284,0.0053633591668898,0.0209067116737621,0.0007215811637491,0.0095126367497367,0.0317690527121377,0.0001658357238376,0.0011856057210446,0.0011346022523216,0.0015499985442768,0.0006956331407289,0.0711041062673858,0.0061099133562364
k__Bacteria;p__Bacteroidetes;c__Bacteroidia;o__Bacteroidales;f__Barnesiellaceae;g__Barnesiella;s__Barnesiella intestinihominis,0.0111019047957611,8.76420092690189e-06,2.24681285011878e-05,5.16256634614778e-06,6.14026490519785e-05,0.026355062350324,6.78853674108826e-06,0.0001049098162769,0.0226403375550983,0.007353419824218,2.15859306604401e-05,0.0219301619043956,0.0255184220923283,0.0001994790574191,0.0151128204329859,4.84474809815794e-05,0.0005592733398236,0.0004582370407891,6.71823548129021e-05,0.0159898574699348,0.0217954449470147,0.0053954938888007,2.33076931443787e-05,0.0117256286718374,0.0128483920654492,7.39050579890759e-05,9.40952118083218e-06,9.1150841116439e-06,3.66250664047335e-05,0.0154195471696515,0.0003095144678084,9.37086925072376e-05,2.47320487139513e-05,7.99917244925025e-06
k__Bacteria;p__Actinobacteria;c__Actinobacteria;o__Bifidobacteriales;f__Bifidobacteriaceae;g__Bifidobacterium;s__Bifidobacterium adolescentis,0.0175971881542978,8.3259908805568e-05,2.04047289449563e-05,4.78015402421091e-06,0.0361661602916154,4.57431206839119e-06,0.000137467869007,2.95001240848969e-06,0.0011799657059745,4.03333145111199e-05,1.31057436152672e-05,7.39559636609977e-06,2.9950682677362e-05,0.0093295750672939,0.028400013936838,0.0002717513875748,1.06139465951929e-05,8.56679034850451e-05,2.46089211768872e-06,2.9513726324524e-05,0.0014934738144726,0.007102063839422,5.87008568080649e-06,0.0319491034794055,3.43535719594903e-06,0.0015398240653548,0.0233644683934184,7.35087428358379e-06,9.41787421836004e-06,0.0001484059746036,0.0002228642808519,0.0452175221574887,0.0002393137087788,0.0001867079569404
k__Bacteria;p__Bacteroidetes;c__Bacteroidia;o__Bacteroidales;f__Prevotellaceae;g__Paraprevotella;s__Paraprevotella clara,3.77367777713972e-05,3.79782040165749e-05,0.063906235455899,3.5946758262066e-05,0.0093154903532895,7.84167783152776e-05,9.13058191676371e-05,0.0300257794209347,2.55882163937305e-05,5.83426084323641e-05,4.13216386928424e-05,9.83614316691269e-05,0.027293000040962,9.1276780819061e-05,4.44792700655254e-05,0.0001717008425592,3.47810865350167e-05,0.0108956349328412,3.272986516526e-05,0.0006552471901977,6.32232564922557e-05,3.1869303362024e-05,0.0367684902087834,9.09767595732363e-05,2.73267049677764e-05,9.82693628206393e-05,2.25828508339972e-05,1.35256086817942e-05,0.0225463908787539,8.22964833683951e-05,6.89735488173289e-05,3.52262603220638e-05,0.0004544291540678,0.0007930088687188
k__Bacteria;p__Bacteroidetes;c__Bacteroidia;o__Bacteroidales;f__Rikenellaceae;g__Alistipes;s__Alistipes onderdonkii,0.0110384632563193,0.005833159996915,5.91507872786374e-05,7.53352274215639e-05,0.0004935828327639,0.0050663773523195,0.0156530080176013,0.0161485522998481,0.0012325960146934,0.0017212007471605,0.004464278831017,0.0104189161605614,0.0108130773489594,0.0063095830343666,0.0090300331444694,2.0418478574612e-05,2.62899292588624e-05,0.0093277398133532,0.0077225255545189,0.0213082734194073,0.0192030104385811,0.0009400403011295,0.0006930154094928,0.0041074114518573,0.0169484908788143,0.0010407618880549,0.0016610941391229,0.0083206016190741,0.0028403611022261,0.0029053381674449,0.0019541350162417,0.0004264771516661,0.0046700869251444,0.0001714368095373
k__Bacteria;p__Firmicutes;c__Clostridia;o__Clostridiales;f__Ruminococcaceae;g__Ruminiclostridium;s__[Eubacterium] siraeum,9.66207353567174e-06,0.0220600780130739,3.4848525838577e-05,3.44171089743185e-06,5.43177280075195e-05,0.0018431210269853,5.43082939287061e-06,0.0152344172047674,0.0031159468963092,1.14434055124573e-05,2.11233750034306e-05,8.09817802087925e-05,0.0166494964101024,0.0003279314807572,2.05098856413256e-05,1.03948618198025e-05,6.85824241535541e-06,0.0042302120798068,2.80541701416514e-05,0.0146882809061266,0.0023845002426368,0.0010433551669305,1.20854705193075e-05,0.0097905852370932,0.0125190662324375,0.0037923040470328,0.0164766988890492,0.0640987416479366,0.0014151228038476,5.99069989225817e-05,7.55589630260186e-05,0.0002352977388502,4.80406701637902e-05,0.0002327031985236
k__Bacteria;p__Firmicutes;c__Clostridia;o__Clostridiales;f__Lachnospiraceae;g__Roseburia;s__Roseburia faecis,0.0001866785528401,0.0070931599501726,0.007141884397352,0.0224009489944181,0.0004428075652786,0.0430437864586967,0.0032749598373195,0.0008337472569493,0.0025370135004011,8.23550003273564e-05,8.31058330426942e-05,0.0064774330772484,0.0008179179078214,0.0001928297555051,0.0016267057491186,0.0257480727276507,9.56888108428159e-05,0.0027065882929922,0.0094584388543366,8.53562444781198e-05,0.0005088769666998,0.0037068374028142,0.0002372205213361,0.0052411865388039,0.0201001188008979,0.0004418060609456,0.0134236229165752,0.0003243205733917,0.0002002170296792,0.001892819117473,0.002162442065685,0.000138169021069,0.0001743698398537,4.56316428354957e-05
k__Bacteria;p__Firmicutes;c__Clostridia;o__Clostridiales;f__Lachnospiraceae;g__Fusicatenibacter;s__Fusicatenibacter saccharivorans,0.0027817656619021,0.0065959376175863,0.0111448795364412,0.0024267885950113,0.0044044592493053,0.0021420849943123,0.0027223729465949,0.0005581054725311,0.0023160243588189,0.010271863423518,0.0107194189807555,0.0003379787539307,0.0079523467020554,0.0007241694266306,0.0053370181937512,0.0010120140471707,0.0210492523046144,0.0017214074029142,0.0039142950023956,0.0061545674190118,0.0019124332608279,0.0027642975484798,0.0036220155146364,0.0050691857930468,0.0001080575990725,0.0080548391773148,0.0148958993306694,0.001096162373168,0.0104800011440973,0.0039258750733331,0.0119157871095023,0.0037141474475496,0.0078414828695866,3.45418810308534e-05
k__Bacteria;p__Bacteroidetes;c__Bacteroidia;o__Bacteroidales;f__Odoribacteraceae;g__Odoribacter;s__Odoribacter splanchnicus,0.0069318997003845,0.0045474517209384,0.0003759972524688,5.75530544514993e-05,0.0032696910620178,0.0071181196832811,1.79896223638839e-05,7.79909530494463e-05,0.0105089060077934,0.0045736102687493,0.0001625112208293,0.0048226683903336,0.0035786661287289,0.0172316659100567,0.0004405918807046,0.0001587072652844,0.0121351700795132,0.0037515642297981,0.0053772953663616,0.0123494773416328,0.0059663084671114,0.0055200549568431,0.0053365984821684,0.0062209039080756,0.0104906439608294,0.0086976507531209,0.0070320488291419,7.67431275206148e-05,0.0047473062263659,0.0076779290816105,9.77414108868681e-05,0.0023844416210235,0.0019301673701362,5.23582196678198e-05
k__Bacteria;p__Actinobacteria;c__Actinobacteria;o__Bifidobacteriales;f__Bifidobacteriaceae;g__Bifidobacterium;s__Bifidobacterium longum,0.0026895202051276,0.0037998653818737,0.0025329375885828,0.0253223879278549,0.0111823670485045,0.0094106668709859,0.0005385006769868,6.63752791910181e-06,0.0025064821058404,3.1703861173857e-05,0.0001726874452835,2.14472294616893e-05,4.36046703685123e-05,0.0031983142206202,0.0258503633338597,0.0045265910774589,1.45329422611103e-05,0.0026850275790279,2.75619917181137e-05,0.001411350639418,0.0011220020585492,0.0041632141588024,0.0038096856068434,0.0009550457056586,9.83761378839949e-06,0.0011402494661171,0.0213602403819011,1.79361332519445e-05,0.0012644368163538,0.0046698715902554,0.0059435096237163,0.0128442469189847,0.0007474772420669,0.0029411502700902
k__Bacteria;p__Bacteroidetes;c__Bacteroidia;o__Bacteroidales;f__Rikenellaceae;NA;NA,5.19564331635178e-05,3.35961035531239e-05,6.87799852077178e-06,4.58894786324247e-06,1.65314824370711e-05,0.0001756209097685,3.90340862612575e-06,3.48470215752845e-05,9.59558114764895e-05,6.71596585813066e-05,0.0001531059224701,0.0001002103307606,0.0001369803281273,0.0004346225523768,0.0809339855971181,3.52682811743298e-05,8.16457430399453e-06,0.0022420267761069,9.59747925898601e-06,0.0001613700144362,0.0681636622506861,0.0005698981307091,3.67743602944642e-05,5.20067454571197e-05,6.15241243274507e-05,0.0002854684382764,6.77485525019917e-05,1.14673638823907e-05,3.9415547654618e-05,0.0002934837826005,0.0003888860390605,4.44603285618281e-06,0.0017894259993971,1.90889342538926e-05
k__Bacteria;p__Bacteroidetes;c__Bacteroidia;o__Bacteroidales;f__Rikenellaceae;g__Alistipes;s__Alistipes sp. AL-1,0.0084619710812316,0.0060604449409526,1.10047976332349e-05,3.63291705840029e-06,0.000123986118278,0.0038139960553093,0.0125060120978513,0.0118206997208182,0.0001427706164695,0.0014728225684967,0.0031768322523407,0.0121221220036741,0.008150549749185,0.0051075705929182,0.0078629465193612,1.41073124697319e-05,8.98103173439399e-06,0.0062221345739272,0.0056349507710836,0.0149129249525392,0.0142308525557791,0.000715288808792,3.69470098733115e-05,0.0027028087847944,0.0120585722155805,0.0001685197750849,0.0012652669481159,0.0076757829269182,0.0015399968397799,0.0018363915654576,0.0001268558737042,0.0002681299814805,0.0035252955479821,0.0001216237811033
k__Bacteria;p__Firmicutes;c__Clostridia;o__Clostridiales;f__Lachnospiraceae;NA;NA,0.0032581241175382,0.0047332527805888,0.0046694731957519,0.0034086322315843,0.0136656318745875,0.0031809439387016,0.0020574357728053,0.0025412513141383,0.0026655361327423,0.0025924003406007,0.0045984199715497,0.0052216608142847,0.0040490680272498,0.0034769804190148,0.0043424122936748,0.0121373005323469,0.0051546223410839,0.002956980051165,0.0033436141203036,0.0027517834040707,0.0016474575680626,0.0018923700721829,0.0029412582252417,0.0028477548085212,0.0036146203805376,0.0085380645564742,0.0111854114783612,0.0046195834347754,0.0082514530559083,0.0021106627499188,0.0053518621471777,0.0024278759420032,0.0036596314960327,0.0025648255662277
k__Bacteria;p__Bacteroidetes;c__Bacteroidia;o__Bacteroidales;f__Bacteroidaceae;g__Bacteroides;s__Bacteroides eggerthii,0.0003582259339168,0.0001986552210097,0.0002356860826451,7.83945259970589e-05,0.001034398472491,0.0002295324448603,0.0035855353932242,0.0003783390913888,5.00133320422915e-05,0.0004387889425186,0.0019233064218452,0.0009429385366777,0.0001136364136876,0.0014413873103513,0.0128619222606144,0.0002028854280186,1.50228167193499e-05,0.011757201062857,0.0016409228640748,0.0001401371177998,0.0005760341147072,0.0029053140084543,0.0024536958145771,0.001039293829701,0.003967056798322,0.0016153534103326,9.47225132203773e-05,0.0001043824148268,0.0001290597578071,0.0814872850420393,1.94096418782433e-05,4.51443336166254e-05,0.0002786358869499,0.003290932265371
k__Bacteria;p__Proteobacteria;c__Betaproteobacteria;o__Burkholderiales;f__Sutterellaceae;g__Sutterella;s__Sutterella wadsworthensis,1.82303274257957e-06,2.33712024717384e-06,6.35068530084595e-05,3.25050473646342e-06,4.13287060926779e-05,2.61389261050925e-06,2.20627444085369e-06,3.50313973508151e-06,0.0106281238341732,0.0317136162080644,1.69603740903458e-06,0.0019128710000917,0.0131655272927798,6.64930191397133e-06,0.0255382671222332,1.22510871447672e-05,1.15936955116722e-05,0.0003834932323793,2.6823724082807e-05,2.3356186299983e-06,2.80992251076692e-06,3.74932980729695e-06,8.63247894236249e-07,5.18665655502272e-06,2.49844159705384e-06,2.72068070619125e-05,2.50920564822191e-06,4.99859451283698e-06,0.0206568862624259,0.0154348264799827,2.42620523478041e-06,0.0047261329261223,0.011064833909169,4.36318497231832e-06
k__Bacteria;p__Proteobacteria;c__Betaproteobacteria;o__Burkholderiales;NA;NA;NA,0.0060349675910354,0.0187729183854238,1.00877311637986e-05,1.1854781980043e-05,0.0207210324146946,0.0028680936668812,0.0017436356619485,0.0047926639091425,0.0007406043994867,0.0021849400656326,0.0170851099325193,1.66400918237245e-05,0.0007166141281774,0.0060989210600921,0.0012928641165712,0.006180673464535,4.94773202822069e-05,4.97333802111168e-05,6.1522302942218e-06,0.0009414666368556,0.0044391155825095,0.0013389273334058,0.0057585540528711,0.0034641258591276,0.0038633714720443,0.0061934062881834,0.0181810768256039,4.11648959880692e-06,0.0009292302562115,0.0001600545577275,4.15920897390928e-06,0.0003690207270631,6.97479359415028e-05,6.94473608093999e-05
k__Bacteria;p__Verrucomicrobia;c__Verrucomicrobiae;o__Verrucomicrobiales;f__Akkermansiaceae;g__Akkermansia;s__Akkermansia muciniphila,0.000218399322561,1.16856012358692e-05,0.0001990034238676,7.64824643873745e-07,0.0001794846664596,0.0010153339108946,3.22455495201693e-06,0.0006864310123004,0.0092856147990612,3.56433942191292e-06,5.24229744610687e-06,0.0003328018364744,0.0019595674592879,0.0001728818497632,1.48264233551751e-05,1.03948618198025e-05,2.28608080511847e-06,0.0111359650244973,1.96871369415098e-05,0.0174702150234209,0.0087250903881823,3.85347785749964e-05,2.24444452501425e-06,0.0005018440666751,0.019084970749495,0.0023381611203357,0.0001329878993557,3.52841965612022e-06,5.23215234353336e-06,0.0043366010886735,0.0387971013086258,0.0099423554740069,1.19212033369405e-05,0.0012453257108491
k__Bacteria;p__Firmicutes;c__Clostridia;o__Clostridiales;f__Lachnospiraceae;g__Roseburia;s__Roseburia hominis,0.001243126027165,0.0021305772453298,0.002231681253373,0.0007472336770646,0.0053809975332666,0.0066611785813065,0.0027500362338148,0.0041643112661342,0.0019141730513628,0.0061467971314946,0.0100630525034591,0.0016495877694585,0.0015464242188267,0.0068681243951402,0.0006128254986805,0.000130492640345,0.0001846826707563,0.000494171564063,0.0057240350657439,0.0015648644820988,0.0003130253676994,0.0004278401902326,0.0018692769901791,0.0031274137227718,0.0027270490031842,0.0058502756618055,0.0176804902987837,0.0023414004768071,0.0059946513450642,0.0010769644579036,0.005530361532308,0.010335316377988,0.0016173692288476,1.96343323754324e-05
k__Bacteria;p__Firmicutes;c__Clostridia;o__Clostridiales;f__Oscillospiraceae;g__Oscillibacter;NA,0.0039609032398026,0.0023254346459379,0.0017119338318201,0.0071207086406255,0.0024324895585976,0.0046256097108724,0.004020680598328,0.0132420525743836,0.0018094939842975,0.0017251402802058,0.000982776585926,0.0056716828531619,0.0018133376556279,0.000839927728133,0.0082022245071388,0.0099354460518737,0.0052730086684918,0.0010073165564147,0.0007198109444239,0.0021691527203693,0.0005355712305521,0.000250788504888,0.0029877009619516,0.001510017957046,0.0147628229391917,0.0031003577898164,0.0014948592649282,0.0019323978316685,0.0061826600192752,0.0005266067253775,0.0027970680349539,0.0002780480547751,0.0033477229967841,0.001610560652907
k__Bacteria;p__Firmicutes;c__Clostridia;o__Clostridiales;f__Ruminococcaceae;g__Gemmiger;s__Gemmiger formicilis,0.0069255190857855,0.0003622536383119,0.0055333498099609,0.0001420661775995,0.0039557475831563,0.0019792068110199,0.0005695582325773,0.0005990368946989,0.0028158669040555,0.0074194539019292,0.0002507051660991,0.0004119347175917,0.0029514635973676,0.0062642468849531,0.0006343238125455,0.000102092392873,0.0113872950732673,0.0040410527492928,0.0015794005611326,0.0011716312363936,0.0007982989853088,0.0005765636059221,0.0022991744415088,0.0049770875942184,0.0001553718368167,0.0004820071639177,0.0090036571672322,0.0091094974471883,0.0088897756418194,0.0011485200399501,0.0193184858815651,0.0029942321273754,0.0012625799832676,2.09069279923586e-05
k__Bacteria;p__Bacteroidetes;c__Bacteroidia;o__Bacteroidales;f__Bacteroidaceae;g__Bacteroides;s__Bacteroides finegoldii,0.0001870431593886,0.0002588360673745,0.0002237642185424,0.0013053644609315,0.0090002113668111,0.023086226272594,0.0008405905619652,0.0003661702902037,0.0109561182443111,0.0234561673483622,0.0012751117611559,0.0008508633619197,0.0013134255256454,0.0002236583371063,0.0004524530193887,0.0013752773432663,0.0001218154486155,0.0103068837035212,0.0003413257367234,0.0002668975107188,0.0010629936858231,0.0011222993889842,0.0005127692491763,0.0108971654221027,0.0004331673118892,0.0003394759806531,0.0001906996292648,0.0054184764519152,0.0007011084140334,0.0005526269370307,0.0010796613294772,4.27503159248347e-05,0.0089901886717252,0.000575940416346
k__Bacteria;p__Firmicutes;c__Clostridia;o__Clostridiales;f__Lachnospiraceae;g__Blautia;NA,0.0024257273672763,0.0025121121256809,0.0032209667072774,0.0024837680309799,0.0067460256544991,0.0025036190160033,0.0010333850054121,0.0010291855790118,0.0019415059188743,0.0017840456790732,0.0025699592303443,0.0035350950629956,0.0037812736880169,0.0073003290195483,0.002482684590824,0.0098597120586151,0.0022390528571274,0.0025358274383945,0.004186469670612,0.0007376308291467,0.0006887120073889,0.0019411113596777,0.002657249668038,0.0020700366850816,0.0013533745826041,0.003110103511749,0.0063620909210666,0.001213482326734,0.0071084021739244,0.0045237348201564,0.0062367338563769,0.0015868917271298,0.0057860539002085,0.0006072099086476
k__Bacteria;p__Bacteroidetes;c__Bacteroidia;o__Bacteroidales;f__Bacteroidaceae;g__Bacteroides;s__Bacteroides coprophilus,0.0001263361690607,0.0002369255650572,8.89554475353151e-05,5.31553127492253e-05,6.37642894001315e-05,0.0003821184259988,0.0002316588162896,0.0004849082896454,0.0008258015290703,0.0001082433603391,6.8920792894405e-05,5.84252112921882e-05,0.0001788231936324,0.0001544451490017,1.08727104604618e-05,6.49678863737654e-05,0.0004341920614864,0.0005324058968265,0.0001486378839083,0.0001218768266926,0.0001610085598669,0.102149240823203,0.0001296598337142,6.0137180056885e-05,0.0001567772102151,0.0006899158984804,0.0001844266151443,5.20441899277732e-05,0.0001538252788998,2.25407647461229e-05,4.26318919825701e-05,0.0002075955341309,0.0001343359480505,5.92665958739905e-05
k__Bacteria;p__Bacteroidetes;c__Bacteroidia;o__Bacteroidales;f__Bacteroidaceae;g__Bacteroides;s__Bacteroides sp. D20,0.0068959859553557,0.005660505238655,4.37899239155804e-05,0.0084784635896624,0.0003955747583156,0.0067935068947135,0.0115113217518634,0.0004550394140095,0.0024672274556909,0.0036742711535571,0.0011018075749964,0.0031205718866758,0.0023960546141889,0.0043308112329679,0.0083047739353454,0.0009303401328723,1.74721890105483e-05,0.0133457944677508,0.0048590314863763,0.0021634198382775,0.0008303321019316,0.0023320831401387,0.0024376394037443,0.0003203110872493,0.0006791076565991,0.0024798801601059,0.0001894450264407,2.46989375928415e-05,0.0028707075858186,0.0001199652781454,1.59436343999856e-05,7.11365256989249e-05,0.0043496378623111,0.0048158654131963
k__Bacteria;p__Actinobacteria;c__Actinobacteria;o__Bifidobacteriales;f__Bifidobacteriaceae;g__Bifidobacterium;s__Bifidobacterium pseudocatenulatum,0.0006200134357513,0.005569941829077,0.0009292176001562,4.35950047008035e-05,9.80080744483503e-05,1.79705116972511e-06,2.88512811496251e-06,1.29063042871424e-06,5.52472853955546e-06,1.87596811679627e-06,5.65859753741536e-05,1.99681101884694e-05,5.72586580596626e-06,1.90411827536452e-05,7.66031873350715e-05,0.0103347201192736,1.7962063468788e-06,0.003794973133913,5.90614108245293e-06,0.0009934872336147,5.61984502153384e-06,0.0044525374422655,2.58974368270875e-06,8.22856053459009e-05,1.09306819871105e-06,0.053526347356209,0.0008782219768776,2.64631474209017e-06,4.18572187482668e-06,0.0077237670126043,0.0039200544579095,0.0005872183395435,0.0005225757343372,0.0017190948790934
k__Bacteria;p__Firmicutes;c__Clostridia;o__Clostridiales;f__Lachnospiraceae;g__Roseburia;s__Roseburia intestinalis,0.0181169347892073,0.0005246834954905,0.0070297730214634,0.0007411150799136,0.0106781568341739,0.0003641479143015,0.0002737477440843,0.0076622884795009,0.0003268313093926,0.000252317711709,0.0002078416752162,0.0051787663553613,0.0039385147720731,0.0003587600623583,0.0006165321045193,0.0245320595172663,0.0002070536043493,0.0006381971333449,0.0026870481033043,0.0001494795923198,0.0002658186695185,0.0001826756800555,0.0001969931694647,0.0002694257810473,0.0020001586510414,0.0004860678813896,0.0021045962374461,0.0026245561542107,0.0007666847234057,0.0001508264594086,0.0019191283407113,0.0003060922620218,0.0001305994514823,0.0001134428092802
k__Bacteria;p__Firmicutes;NA;NA;NA;NA;NA,0.0024897158165409,0.0027142730270615,0.0023637388249719,0.0016068965767787,0.0059088241510788,0.0028009493004488,0.0009449643143594,0.0019560426026042,0.0023756332720088,0.0020954563864614,0.0013315435513111,0.002417620452078,0.003966703649887,0.0027361877375992,0.0040189491574761,0.0013552301097567,0.0024702736014165,0.0029845777650393,0.002380667034652,0.00243244063866,0.0016494245138201,0.0009837824822146,0.0014966991990268,0.0015606229034342,0.0023525950688258,0.0066502370037752,0.0068745961747159,0.0034646140673387,0.005330865617748,0.0012293037203154,0.0028459387403974,0.002263030723797,0.0015364118032012,0.0001903439444173
k__Bacteria;p__Proteobacteria;c__Deltaproteobacteria;o__Desulfovibrionales;f__Desulfovibrionaceae;g__Bilophila;s__Bilophila wadsworthia,0.0052470528396925,0.0013692603248129,0.0035169499102879,0.0036055745773818,0.0055439507172892,0.0011934053449856,0.001709353551406,0.0041381299060089,0.0010229471053766,0.0021870036305611,0.006822079200013,0.0019857176242977,0.000118040925846,0.0002185202401727,0.0012120601092855,3.52682811743298e-06,0.0007188091217236,0.0006680946567088,0.0022017601776961,0.0021192554132739,0.000384959383975,0.0023752004329226,0.0030412223313943,0.0027260786493385,0.001389914290961,0.0050312289477178,0.0128264319722984,0.0004298791281039,0.007051546118458,0.001206157834368,1.03980224347732e-06,0.0035554582748366,0.0017084685737507,0.0023657552518657
k__Bacteria;p__Firmicutes;c__Clostridia;o__Clostridiales;f__Clostridiaceae;g__Clostridium;s__Clostridium phoceensis,0.0056645273377432,0.0027610154320049,0.0103039295839682,0.0033103522648465,0.0023970649533753,0.001141780965928,0.0007934102316146,0.0027044238754829,0.003212193482972,0.0022205834598517,3.83921195317827e-05,0.0041500389008368,0.0025118932839558,0.0006374262607529,0.0045650557510584,0.0002556022272476,0.0034601465900328,0.0009044000817582,0.0022558998042852,0.0007454870009021,0.0020610781616475,2.79116774543217e-05,0.0040173830501966,0.0053644046769624,0.0021706772900403,0.0021891327891159,0.0004491478110317,0.0059095148540586,0.0009135337991809,0.0008568516209532,0.0038025568043965,5.98504422947686e-05,0.0013001228773585,2.65427085816031e-05
k__Bacteria;p__Firmicutes;c__Clostridia;o__Clostridiales;f__Ruminococcaceae;g__Ruminococcus;s__Ruminococcus callidus,0.0292111828474495,0.0002328356046246,4.05801912725535e-05,2.71512748575179e-05,0.0055699287611189,0.0009789027826357,0.0005719342204366,2.36000992679175e-05,6.48428665432035e-05,0.0035990448320736,0.001671059403556,6.02741103837131e-05,0.0009482914677111,0.0002916625612264,0.0001717394038641,1.46641800672213e-05,1.86152294131075e-05,4.82959992801596e-05,0.0004500971683252,0.00124191212426,7.27769930288632e-05,0.0051567865577361,0.0032979522551401,0.0001839160378429,2.21736691738528e-05,0.0015784008813381,0.0064354851862771,0.0001308455622477,0.0150305784423464,0.0003544497436252,0.0006242279468342,0.004387892426525,0.0002523024825639,4.90858309385811e-06
k__Bacteria;p__Firmicutes;c__Clostridia;o__Clostridiales;f__Lachnospiraceae;g__Dorea;s__Dorea longicatena,0.0004245843257467,5.87201462102427e-05,0.0005839420744135,0.0005212279947999,0.0394240431518924,0.0006216163364367,0.0007206031750665,2.69188632274685e-05,0.0008409218387575,0.0008704492061934,0.0021337692457845,7.43257434793027e-05,0.0017375800465028,0.0016668590934341,0.0015496083476717,0.0063460631409894,0.0009799122079654,0.000500208563973,0.0010397269197234,0.0002027741628771,0.0013243164793244,0.0013018506275336,0.0007275453252623,0.0006120254734926,0.0002951284136519,0.0027068742667867,0.0039425893747686,0.000940323838356,0.0022798231811556,0.0006037596785354,0.0013638739426944,0.001481554948691,0.0011855369825975,0.0005679412438967
k__Bacteria;p__Firmicutes;c__Clostridia;o__Clostridiales;f__Ruminococcaceae;NA;NA,0.001897594781751,0.003751077996714,0.0009521442618921,0.0032237358739278,0.0051649074414106,0.0025622682314517,0.0005780439035036,0.0015482033871305,0.0018560180141043,0.0010347840132248,0.0021807957375804,0.0025403873517552,0.0019208077522937,0.0014531747091988,0.0040031343058972,0.0016440587703212,0.0025956814627259,0.001808225211144,0.0011632637040314,0.001772946869135,0.0018573587796169,0.0004965779033664,0.0008843111428556,0.001352315561792,0.004041697741034,0.0093408684006742,0.0071518633988445,0.0016533586438636,0.0034078752264213,0.0015556153280831,0.0017239921196854,0.0009815472536342,0.0008021012633272,3.81778685077853e-05
k__Bacteria;p__Firmicutes;c__Clostridia;o__Clostridiales;f__Lachnospiraceae;g__Roseburia;s__Roseburia inulinivorans,0.0011140553089903,0.0030037837976801,0.0051667524888037,0.0009782107195145,0.0028894669659652,0.0007335236138241,0.0011661008987004,0.0004967083392794,0.0008176598238542,0.0007713980896266,0.0042891244222294,0.0044554770307568,0.0015429006090999,0.0020785113301082,0.0008396697760147,0.0004588589003312,0.0034612896304354,0.0007721610361101,0.0022061897835079,0.0003267742792333,0.0006794392631034,0.0001037314580018,0.0031822770373125,0.0016258065601392,0.0016346054148724,0.000899854991779,0.0230915922791742,0.0016083712932481,0.0018567164616418,0.0014067555125785,0.0016425409439463,0.000560200139879,0.0001839779738865,2.65427085816031e-05
k__Bacteria;p__Bacteroidetes;c__Bacteroidia;o__Bacteroidales;f__Bacteroidaceae;g__Bacteroides;s__Bacteroides sp. 4_1_36,0.0027070213194564,0.0034393645837472,7.3365317554899e-06,0.0077572339504894,0.0005148375958973,0.00535439564434,0.0130618235435279,0.001581391026726,0.0020528728152242,0.0029493970732271,0.0006316968422558,0.0035901922559231,0.0008016212128352,0.0035280591473539,0.0048541710064843,9.52243591706905e-05,2.30240995372646e-05,0.0039711960360483,0.0033465671908448,0.0015680494165943,0.0003273559725043,0.0015724272619602,0.0019354017788776,0.0001956911500219,0.00083947637661,0.0020141158660759,8.97041019239334e-05,0.0001661297588089,0.0017140531077415,0.000275632707164,6.23881346086392e-06,7.62665636099051e-05,0.0021114764179025,0.0024421109888813
k__Bacteria;p__Bacteroidetes;c__Bacteroidia;o__Bacteroidales;f__Bacteroidaceae;g__Bacteroides;s__Bacteroides faecis,1.54957783119264e-05,1.75284018538038e-05,1.76535295366476e-05,2.1032677706528e-06,1.88931227852242e-05,8.6585192723119e-06,3.08878421719516e-05,9.77191610312211e-06,4.44886035027361e-05,3.58309910308088e-05,2.28194124124652e-05,1.66400918237245e-05,0.0001365398769115,3.56644375385735e-05,3.16297031577069e-05,9.28112662482364e-06,0.064905099887035,1.46612854957627e-05,6.64440871775955e-06,3.71575691136094e-05,0.0010405143057369,0.0041163475362112,1.05316243096822e-05,0.000924486485956,6.02749035289238e-05,1.74610851292872e-05,2.94831663666075e-05,3.88126162173224e-05,0.000156964570306,6.00582792228912e-05,0.0001421063066085,0.0030588706050537,2.06396953296284e-05,4.18138559847172e-06
k__Bacteria;p__Bacteroidetes;c__Bacteroidia;o__Bacteroidales;f__Rikenellaceae;g__Alistipes;s__Alistipes ihumii,0.0026742067300899,1.51912816066299e-05,2.52193279094965e-06,3.25050473646342e-06,6.84875700964376e-05,1.30694630525463e-06,1.01828051116324e-06,0.0008560567257886,0.0022331534307255,0.0040042539453016,1.31057436152672e-05,0.002243084377838,3.56765484833283e-05,0.0002931737662069,5.18924817431129e-06,4.0836957149224e-06,2.61266377727825e-06,0.0001655862832462,7.8748547766039e-06,4.24657932726964e-06,0.0161019799556988,0.0009577454696639,2.071794946167e-06,7.99025469287283e-06,3.16989777626206e-05,0.0395213388672791,1.81917409496089e-05,1.76420982806011e-06,0.0034040383147028,2.17843632445752e-05,1.03980224347732e-06,4.10403032878413e-06,0.000774166503269,8.36277119694344e-06
k__Bacteria;p__Proteobacteria;c__Betaproteobacteria;o__Burkholderiales;f__Sutterellaceae;g__Sutterella;NA,7.29213097031829e-07,1.46070015448365e-06,1.03169977811577e-05,1.14723696581062e-06,1.41698420889181e-05,8.16841440784142e-07,9.33423801899636e-06,7.37503102122423e-06,1.74465111775435e-06,2.43875855183516e-06,3.08370438006286e-06,0.005648756504427,0.0152211131171217,1.20896398435842e-06,1.23553527959793e-06,5.43874020214665e-05,1.7962063468788e-06,1.81109997300599e-05,4.67569502360857e-06,1.10411062509011e-05,2.80992251076692e-06,6.24888301216158e-06,1.7264957884725e-07,2.70547220302536e-05,2.076829577551e-05,6.09107620789087e-06,6.27301412055478e-07,8.82104914030055e-07,2.02309890616623e-05,1.36152270278595e-06,3.46600747825774e-07,0.014544683485211,0.035376081938167,1.09079624307958e-06
k__Bacteria;p__Bacteroidetes;c__Bacteroidia;o__Bacteroidales;f__Prevotellaceae;g__Prevotella;s__Prevotella stercorea,9.47977026141378e-06,5.84280061793459e-07,9.39993131172144e-06,7.64824643873745e-07,0.0546932288228758,0.0004642926749417,1.69713418527207e-07,6.82190369463242e-06,3.95454253357654e-05,0.0001326309458574,7.6475868625559e-05,5.32482938359183e-05,0.0003739430822511,1.51120498044803e-06,0.0009449373818364,2.0418478574612e-06,8.49115727615432e-06,2.29980948953141e-05,2.95307054122646e-06,6.5609650606316e-05,1.88264808221384e-05,0.0004711657791169,1.0358974730835e-06,2.10269860338759e-06,2.02998379760624e-05,7.63414884722322e-05,5.64571270849931e-06,0.0002593388447248,0.0018671807663289,0.000201354079712,0.0001025938213564,0.0038064881299472,1.10315612968703e-05,3.70870722647057e-05
k__Bacteria;p__Firmicutes;c__Clostridia;o__Clostridiales;f__Ruminococcaceae;g__Ruminococcus;s__Ruminococcus bicirculans,0.0052197073485538,0.0042158727858707,0.0017720016855681,5.96563222221521e-05,0.0017546987786776,0.0005575759674792,8.31595750783312e-06,4.60939438826515e-05,0.0004713465769799,0.0004669284642705,9.60573914389582e-05,0.0061298400480417,0.0002369627541238,0.0045109468666373,0.0061789119332692,1.55922927297037e-05,5.76418945862014e-05,0.0018079377349578,0.0041549702515056,9.27877583008417e-05,0.002191177573896,0.0003547282589903,0.0095288755557374,0.0041662870127521,0.0010140549832042,7.55293449778468e-05,0.0039413347719445,0.0001590729194967,0.0005860010624757,0.0009458044375353,0.0008370408059992,0.0019907967119877,1.37004874170809e-05,1.49075486554209e-05
k__Bacteria;p__Bacteroidetes;c__Bacteroidia;o__Bacteroidales;f__Rikenellaceae;g__Alistipes;s__Alistipes senegalensis,0.0023358518530672,0.0020522837170495,3.87460583336811e-05,9.56030804842181e-06,0.0039274078989784,0.0019579689335595,0.0004936963344956,0.0005044521218517,0.0023413218000263,0.002958776913811,0.000297885843114,0.002721949242543,0.0029210724634744,0.0008559465009257,0.0007193286397819,1.03948618198025e-05,5.60089797254025e-05,0.0156220309100145,0.0006117777804574,0.0029530712641833,0.0005999184560487,0.0013522582838317,0.0001396735092874,0.0004320344730427,0.0006264842304612,0.006906874348001,0.0010438295496603,0.0001196722333367,0.0043719864982564,0.0008810564690028,0.0027932554267279,6.90845105345329e-05,0.00022846007589,9.99896556156281e-06
k__Bacteria;p__Bacteroidetes;c__Bacteroidia;o__Bacteroidales;f__Bacteroidaceae;g__Bacteroides;s__Bacteroides salyersiae,0.0001494886848915,3.38882435840206e-05,0.0002762662739176,9.94272037035869e-06,0.0001334326796706,2.59755578169357e-05,0.0002184211696445,0.0001493443781797,0.0002096489093168,0.0001181859913581,6.0286420630229e-05,5.65763122006632e-05,0.000196881693482,0.0005434293109691,7.78387226146694e-05,6.34829061137937e-05,0.0270830360067524,0.0003780311848417,1.42731742825946e-05,0.0001804796214089,6.74381402584061e-05,0.0016636609539378,2.6933334300171e-05,0.0002488193347341,0.0001336666254423,0.000141312968023,8.28037863913232e-05,0.000158484849554,0.0258764814403348,0.0003421960393002,0.000194789620278,2.53081870275021e-05,0.0006489049040271,5.85393983786041e-05
k__Bacteria;p__Bacteroidetes;c__Bacteroidia;o__Bacteroidales;f__Bacteroidaceae;g__Bacteroides;s__Bacteroides xylanisolvens,0.0006993153600535,0.0058503962587379,0.0001703450966977,0.0116324092148368,0.0017204549936294,0.000929238823036,5.92299830659951e-05,0.0034968709587134,0.0008755240859263,0.0007183081919212,0.0001137886916243,0.0009473758944973,0.0006056204217848,0.002398282303971,0.0008236078173799,0.0077309928559455,0.0001143040402559,0.0005893261816924,0.0035697701059192,0.0048217784971483,0.0017224824991001,0.0008769265827066,0.0006034102780711,0.0003897001411611,0.0010690206983394,0.0001571497661635,0.0002590754831789,0.001087635358999,0.0003229982046741,0.0015339822451388,7.27861570434124e-05,0.0002643679536791,0.0005163482400567,0.0026760867830219
k__Bacteria;p__Proteobacteria;c__Gammaproteobacteria;o__Enterobacterales;f__Enterobacteriaceae;g__Escherichia;s__Escherichia coli,0.0002151178636243,0.0006809784120202,0.0011818694124859,0.0010837565203691,0.0024041498744197,0.0060913499922155,6.43213856218113e-05,0.0003965922931663,0.0019417966940606,0.0013700195156963,0.0015688346033569,0.0071737284751167,5.54968531962884e-05,1.66232547849283e-05,0.0010702206591877,7.98176889734833e-05,0.0046169034774228,0.0001345388551375,0.0002788190769341,0.0003518290972642,0.0019295737881436,0.0018217576941455,1.76102570424195e-05,1.51394299443906e-05,0.0011905074209961,0.0035259209808744,0.008786610878661,0.0020614791840882,1.46500265618934e-05,3.17688630650054e-06,0.0008734338845209,0.0001299609604114,0.0003072823606402,0.0078041017211128
k__Bacteria;p__Firmicutes;c__Clostridia;o__Clostridiales;f__Lachnospiraceae;g__Blautia;s__Blautia obeum,0.0009784216729424,0.0017613122462763,0.0017357775600254,0.0005078435635321,0.0019672464100114,0.0005270260975939,0.0019262473002837,0.0003051419085031,0.0008223122268348,0.0014985233316968,0.0007616749818755,0.0013245513091684,0.0020445745439458,0.0027733633801182,0.001760637773427,0.003655093287388,0.0016010730210133,0.0005999628005815,0.0017932520861597,0.0007427267243394,0.0003326948252748,0.0005219900276158,0.0012328906425482,0.0021328372833694,0.0004024052497254,0.0015089626125681,0.011442605057304,0.0040303373522033,0.0025982868537986,0.0012099398418757,0.0022643426855457,0.0003207983706999,0.0007713196487408,0.0002023427030912
k__Bacteria;p__Actinobacteria;c__Actinobacteria;o__Bifidobacteriales;f__Bifidobacteriaceae;g__Bifidobacterium;NA,0.0013145889106741,0.0014817342367082,0.000282915005821,0.0014281188162732,0.0022093145456971,0.00035630623647,4.00523667724208e-05,3.87189128614272e-06,0.0001683588328632,6.75348522046659e-06,2.49780054785092e-05,8.50493582101474e-06,1.62966949862117e-05,0.0007120797867871,0.0026692504180433,0.0027149151602934,1.63291486079891e-06,0.0010274398894481,3.19915975299534e-06,0.0003690277435397,0.0001427440635469,0.0015611792725383,0.0001926769299935,0.0016999617308854,1.12429871867423e-05,0.0119433822284324,0.0090224762095939,1.91122731373179e-05,5.44143843727469e-05,0.002075111879346,0.0021295149946415,0.0096800395354921,0.0006199025735209,0.0016220140134593
k__Bacteria;p__Firmicutes;c__Clostridia;o__Clostridiales;f__Lachnospiraceae;g__Blautia;s__Blautia wexlerae,0.0013198757056276,0.0013304057007037,0.0022933539734426,0.0007770618381757,0.0031787679086139,0.0007108154217703,0.000858240757492,0.0004332830724969,0.0012776661685687,0.0008713871902518,0.000589141721811,0.0029452962527992,0.0018802862404361,0.0034809095519639,0.0010311777443524,0.0070792721443504,0.0015179576545986,0.0008161448925974,0.0021035705822003,0.0003993907857297,0.0003723147326766,0.000712164367286,0.0013332000478584,0.0009429902336658,0.0012815443866888,0.0025030262496959,0.0032450302045629,0.0009800185594873,0.004032245406083,0.0012553239319686,0.0020889627071459,0.0003057502594944,0.0010234442028967,0.0004852225287965
k__Bacteria;p__Bacteroidetes;c__Bacteroidia;o__Bacteroidales;f__Prevotellaceae;g__Prevotella;s__Prevotella sp. KHD1,0.0001859493397431,1.51912816066299e-05,0.0004890256948268,9.63679051280919e-05,0.0014937375202067,6.19165812114379e-05,0.0002109537792293,0.0001262974062384,0.000120380927125,0.000294526994337,0.0001241191012975,0.0003006309922819,0.0134932229973674,0.000172277367771,5.31280170227109e-05,3.15558305244004e-05,0.0002160346360836,0.0001342513789513,2.8792437776958e-05,3.29109897863397e-05,0.0003473064223307,0.0022073137759958,7.78649600601097e-05,6.32211380085201e-05,6.1211819127819e-05,0.0027389539348149,4.83022087282718e-05,0.0116708360825603,0.0045941785677785,3.6609832674911e-05,1.03980224347732e-05,0.0126387034000181,5.58695201164079e-05,0.000114897204271
k__Bacteria;p__Bacteroidetes;c__Bacteroidia;o__Bacteroidales;f__Bacteroidaceae;g__Bacteroides;s__Bacteroides sp. 4_3_47FAA,0.000396509621511,0.0113940454850343,0.0008517254834889,0.0013732426480753,0.0010698230777133,0.0079210748195719,0.0016494447146659,0.0004627831965818,0.0005533451795144,0.0021408548148879,0.0008703755612727,0.0007732096000757,0.0002219874127851,0.0005963214852847,0.0005933040412629,0.0003066484236841,0.0001149572062002,0.0007991837976121,0.0026400450638564,7.04932168326761e-05,0.0002652566850163,4.43670693863472e-05,0.000499475231605,0.0010357893320287,0.0001247659272528,0.0009035096375038,0.0001455339275968,0.0002425788513582,0.0006093713429435,0.0008341595759068,4.4364895721699e-05,1.64161213151365e-05,0.0005247108752333,0.0091428723101191
k__Bacteria;p__Firmicutes;c__Clostridia;o__Clostridiales;f__Lachnospiraceae;g__Coprococcus;s__Coprococcus comes,0.0008945621667837,0.0012915510765944,0.0009095006710633,0.0007975208973993,0.0014228883097621,0.0004685402504337,0.0001827813517538,1.53031893690403e-05,0.0006219681234794,0.0004978819381977,0.0013051778788616,0.0010180038397936,0.0021203321530708,0.0024381781154548,0.0034775375979563,0.0045429258603186,0.0005881759328597,0.0016147537378372,0.0004304100313837,0.0003178564626461,0.0001997854905155,0.0005074093005875,3.0386325877116e-05,0.00045109894038,3.20112829622523e-05,0.001571903733383,0.0056218752548412,0.0009779603146879,0.0016334779616511,0.0009574530206591,0.0032708712572318,0.002431979972332,0.0008165134643764,1.2180558047722e-05
k__Bacteria;p__Firmicutes;c__Clostridia;o__Clostridiales;f__;g__Flavonifractor;s__Flavonifractor plautii,0.0003126501153523,0.0010470298707338,0.0010991041636193,0.0058061662839675,0.0004888595520676,0.0003270633128899,0.0021821751354228,0.0003748359516537,0.0001954009251884,0.0006674694559561,0.0014824908807152,0.0018577738071642,0.0003730621798194,0.0002339345309733,0.000466785228632,0.0094925506893371,0.0039410400165381,0.0001770853306939,0.0003147481018523,0.0004575689225133,0.0001660664203863,0.0001941319655778,0.0003703333466273,0.00034554347049,0.0035749576201844,0.0007451416560986,0.0006028366569853,0.0006856895531726,0.0020161227030415,7.92708773622041e-05,0.0010637176950773,5.47204043837884e-05,0.0004741792073574,0.0015638382138284
k__Bacteria;p__Bacteroidetes;c__Bacteroidia;o__Bacteroidales;f__Bacteroidaceae;NA;NA,0.0003793731137308,0.0004054903628846,0.0004099287118379,0.0002451262983615,0.0150188517940791,0.0005967843566368,0.0003042961594192,0.0003903235167982,0.0012843539978535,6.41581095944326e-05,0.0001924231533159,0.0006160531772961,0.0009738376382301,0.0006407509117099,0.0001131750316111,0.000311474609529,0.0012633862278001,0.0005050956591383,0.0009779585275694,0.0001603083696044,0.0001345952882657,0.0010927213427266,0.0006911162641255,0.0009931746403334,0.0004025614023253,0.0002858745100236,0.0009817267098668,0.0034266835560354,0.0022215718850642,0.0006753152605818,4.19386904869186e-05,0.0052545268309532,0.0006878712253822,6.63567714540078e-05
k__Bacteria;p__Proteobacteria;c__Deltaproteobacteria;o__Desulfovibrionales;f__Desulfovibrionaceae;g__Bilophila;NA,0.0022045934956014,0.001983046529727,0.0013584047078524,0.0015617719227901,0.0024502018612087,0.0005110160053545,0.0006350676121288,0.0016916477404933,0.0004367443298111,0.0009212879421586,0.0028513472550251,0.0008760083895645,4.80091825269479e-05,0.000317353045894,0.0005117587128094,1.48498025997178e-06,0.0003203778956887,0.0002920758051704,0.0008455625316378,0.0008414596936984,0.0001508928388281,0.0009527463632542,0.001108755595357,0.0012082106175065,0.0027534387925531,0.0020973605742504,0.0051758639508697,0.0001864181718316,0.0030123245092502,0.0004763816656747,1.03980224347732e-06,0.0014528267363895,0.0007303961148976,0.0010520729764502
k__Bacteria;p__Bacteroidetes;c__Bacteroidia;o__Bacteroidales;f__Bacteroidaceae;g__Bacteroides;s__Bacteroides sp. 3_1_13,0.0001713650778024,0.0018796289587895,0.0001052333773678,0.0042430559180505,0.000355426872397,0.000248973271151,3.24152629386965e-05,0.0009884385326195,0.000101480540016,0.000261697552293,0.0002895598412879,0.0001911761660636,0.0001576815352719,0.0006365195377647,8.50048272363374e-05,0.0225622332024138,0.0003319715912004,0.0001690359974805,0.0006110395128221,0.0017007550205714,0.0001489258930706,0.0004245074526261,0.000151413680649,0.0001222368788102,0.0004217681721026,4.58861074327779e-05,3.70107833112732e-05,0.0003590167000102,0.0001112704398391,0.0010978411393464,0.0001015540191129,4.2408313397436e-05,9.32344857993558e-05,0.000770283946988
k__Bacteria;p__Firmicutes;c__Clostridia;o__Clostridiales;f__Lachnospiraceae;g__;s__Lachnospiraceae bacterium 7_1_58FAA,0.000373174802406,0.0006009320435545,0.0007673553683007,0.0034629347812993,0.00308784475521,0.0002707012534758,0.0005008242980737,0.0016400225233447,0.0004483753372628,0.0042642631262896,0.0008921156771521,0.0016203751638124,0.0012698208552769,0.0004923505826299,0.0007613368392882,0.0013893846557361,0.001704763114674,0.0013810355984636,0.0001806294814383,0.0005611854580986,0.0005327613080414,0.0001449740858821,0.0004832461711934,0.0003240959447354,0.0024993785126527,0.002239891757515,0.0005382246115436,0.0014634120523758,0.0015462754225922,0.0004075491290339,0.0009157191757556,0.0002568438980764,0.0002955390857113,0.0003050593493145
k__Bacteria;p__Bacteroidetes;c__Bacteroidia;o__Bacteroidales;f__Bacteroidaceae;g__Bacteroides;s__Bacteroides sp. 1_1_30,0.0013340953610197,0.0014569023340819,0.0004922354274699,0.0033786128643122,0.0007250235868829,0.000322979105686,0.002136522225839,0.0015909785670536,0.000202961080032,0.0027227801247181,0.0001591191460112,0.000252189836084,0.0003078753998746,0.0019639619925902,0.0001707509756404,0.0013854865825536,0.0025576345464693,0.0006657948472193,0.000519494326044,0.0071004929641612,0.0007994229543131,0.0002768255174387,0.0002767572748921,0.0006700599549461,0.0007187704169524,0.0004373392717265,0.000328705939917,0.0002022960602842,0.0002957910124877,0.0011772632970089,0.0005597602077386,0.0002876241255422,0.0005391230762825,0.0013814934418602
k__Bacteria;p__Bacteroidetes;c__Bacteroidia;o__Bacteroidales;f__Bacteroidaceae;g__Bacteroides;s__Bacteroides sp. 3_1_33FAA,0.0008783371753748,0.0011037050367278,0.0040399070644839,1.83557914529699e-05,0.0001357943200187,0.0005650909087344,0.0028888618101701,0.0003064325389318,0.0003814970444156,0.0010194010746671,0.0026612368799942,7.98724407538775e-05,0.0002545808027575,0.0028307891693752,0.0040616986781502,0.0048644240866025,0.0004893845837814,0.0002101450921059,0.0003009671059933,0.0013419190674172,0.0009452579326219,0.000420341530618,0.0007320342143123,0.0006766484105701,0.0013044988188617,0.0002935898732203,0.0008807311825258,0.0001743627380066,0.000271025491395,0.0006225184357737,1.21310261739021e-05,0.0004367372274881,0.0011310908897452,0.0002936059887622
k__Bacteria;p__Firmicutes;c__Negativicutes;o__Veillonellales;f__Veillonellaceae;g__Dialister;s__Dialister invisus,5.46909822773872e-07,4.38210046345094e-06,6.19019866869461e-06,9.56030804842181e-07,0.0,2.97330284445428e-05,3.39426837054413e-07,1.84375775530606e-07,0.0001875499951585,0.0009336693317295,1.23348175202515e-06,1.84889909152494e-06,8.80902431687118e-07,5.1380969335233e-06,0.0015221794644646,0.0019948853567395,0.00073187244061,0.0,0.0005347518571737,0.0002762399852388,1.06777055409143e-05,1.16645816227016e-05,0.0019633710106509,7.00899534462529e-07,4.68457799447595e-07,3.2485739775418e-06,0.0004504024138558,0.0017162821277311,3.48810156235557e-07,7.56401501547749e-07,0.0009871189298078,0.0251238476652342,1.4234272641123e-06,9.45356744002302e-06
k__Bacteria;p__Verrucomicrobia;c__Verrucomicrobiae;o__Verrucomicrobiales;f__Akkermansiaceae;g__Akkermansia;NA,4.33881792733938e-05,3.21354033986403e-06,6.87799852077178e-07,7.64824643873745e-07,3.07013245259893e-05,0.0002638397853732,0.0,0.0001653850706509,1.80280615501283e-05,5.62790435038882e-07,1.54185219003143e-07,8.72680371199773e-05,3.08315851090491e-06,0.0001042731436509,0.0066540988018026,0.0,0.0,2.50104281986541e-05,0.0001998244399563,2.69657787281622e-05,1.60165583113714e-05,5.8322908113508e-06,0.0,0.0001164895026276,7.22986537147454e-05,0.0005404814955135,0.0278741382446852,5.88069942686703e-07,0.0,8.62297711764434e-06,6.55075413390712e-05,1.91521415343259e-05,1.77928408014038e-07,4.36318497231832e-06
k__Bacteria;p__Bacteroidetes;c__Bacteroidia;o__Bacteroidales;f__Odoribacteraceae;g__Butyricimonas;s__Butyricimonas virosa,5.03157036951962e-05,0.0067995592191213,1.39852636589026e-05,1.03251326922956e-05,0.0014594937351585,0.0004685402504337,0.0001035251853015,0.0022615532626584,3.48930223550871e-06,0.0023185089955485,4.93392700810058e-06,0.0027988634447504,0.0026761815874654,0.0004672645799545,0.0014366804231164,2.58015320170097e-05,7.51140835967497e-06,0.0031386650008379,0.0007953603324369,6.15754002454098e-06,1.23636590473745e-05,0.002469975158607,0.0002246171020802,2.20082453821234e-05,7.96378259060911e-06,0.001055786542701,6.27301412055479e-06,1.17613988537341e-06,0.0003707851960783,0.0062881169626667,4.15920897390928e-06,1.36801010959471e-06,0.0003521203194597,2.89061004416089e-05
k__Bacteria;p__Firmicutes;c__Clostridia;o__Clostridiales;f__Ruminococcaceae;g__Ruminococcus;s__Ruminococcus lactaris,0.0001042774728755,0.0002728587888575,0.0001893742259385,0.0001342267249998,0.0004439883854527,0.0029814712588621,7.24676297111172e-05,0.0024693447616814,0.0005614868847306,0.0013341885246655,0.0001353746222847,6.13834498386281e-05,0.0017349373392077,0.0001157583015023,0.0010005364694184,0.0001191696658627,0.0001172432870053,0.0002216441395535,0.0004488667222664,0.0001450206840262,0.0007361996978209,5.35320978041842e-05,0.0019623351131778,0.000431613933322,0.0080357689391242,0.0024376486983979,0.0003443884752184,0.000265513579123,0.0051554141091615,0.000148103414003,0.003121139734171,7.79765762468985e-05,0.0001998136021997,3.47236804046999e-05
k__Bacteria;p__Firmicutes;c__Clostridia;o__Clostridiales;f__Ruminococcaceae;g__;s__Ruminococcaceae bacterium D16,0.0004976879387242,0.001869696197739,0.0005135572228842,0.0013369134774913,0.0066905271063175,0.0008341584793287,0.0002540609875352,0.0009853041444355,0.0014681239155902,0.0003481796824773,0.0011608605138746,0.002429823186082,0.0006571532140385,0.0017514865723392,0.0012681534109793,6.77522243612125e-05,0.0007700826483527,0.0003952797560132,0.0004417301351251,0.0002832468411288,0.0003765296164427,0.0001214366265363,0.0005371128397937,0.000618053209489,0.0002359465783217,0.0003252634695013,0.0046144291870801,0.0005701338094347,0.0011786295179199,0.000296660668907,0.0002949572363997,0.0013519359908069,0.0008526329312032,2.01797304969722e-05
k__Bacteria;p__Firmicutes;c__Clostridia;o__Clostridiales;f__Eubacteriaceae;g__Eubacterium;s__[Eubacterium] eligens,0.0004052601786754,0.0008609366710526,0.0023183440347348,0.0002038257675923,0.0002456105962079,0.0012117025932592,0.0004376909063816,0.0012351333202795,0.0001727204606576,2.43875855183516e-05,0.0002146258248523,0.0002921260564609,0.001137245039308,0.0002076395643135,0.0051435333689661,3.89807318242593e-05,0.0040251351318693,0.0036282369459219,0.0002446126764982,0.0013818369130935,0.0008910264281641,0.0004151341281079,0.0006318974585809,0.0002960599633569,2.076829577551e-05,0.0008880789111104,0.0016071462176861,0.0009279743695596,0.0006927369702838,0.0002907607371949,0.0035675614973706,0.0015786836664723,4.48379588195375e-05,4.12684578631774e-05
k__Bacteria;p__Firmicutes;c__Bacilli;o__Lactobacillales;f__Lactobacillaceae;g__Lactobacillus;s__Lactobacillus rogosae,0.0009388618624284,0.0030478969423455,0.0064222164854619,1.14723696581062e-05,0.0001003697147965,8.31544586718256e-05,0.0017285311676996,2.54438570232236e-05,1.77372863638359e-05,8.08542258339194e-05,1.7268744528352e-05,0.0014469484290274,0.0013557088423664,0.0001030641796665,0.0026643082769249,4.17650698117064e-05,3.57608354514961e-05,0.0008529418444299,0.0005869227700687,0.0025897764027353,6.37852409944091e-05,0.0003384811631587,2.6242735984782e-05,9.4761617059334e-05,2.6545941968697e-05,4.06071747192724e-05,0.000125460282411,0.0057622033334156,4.39500796856802e-05,0.0008306801289997,0.0019444301953025,0.0004278451617757,1.37004874170809e-05,0.0011627887951228
k__Bacteria;NA;NA;NA;NA;NA;NA,0.0007206448431417,0.0003870855409381,0.0026615561609213,0.0004384357271006,0.0011312257267653,0.0008241930137511,0.0002262279868967,0.0007157467606098,0.0008528436213955,0.0003089719488363,0.0004482164316421,0.0006093971405666,0.0013984326103033,0.0009157902181515,0.0004541827687801,0.0006084706615234,0.0009593374807193,0.0010696988888183,0.0005330292326913,0.0006471786894758,0.0005262984862666,0.0016749089433597,0.0003418461661175,0.000335029977473,0.0006678646694124,0.0009035096375038,0.0010475933581326,0.0026815989386513,0.0025211998092706,0.0003810750764797,0.0006973607046254,0.0044829691291418,0.0003893073567347,0.0003265116754284
k__Bacteria;p__Proteobacteria;c__Betaproteobacteria;o__Burkholderiales;f__Sutterellaceae;g__Dakarella;s__Dakarella massiliensis,1.82303274257957e-06,1.46070015448365e-06,1.83413293887248e-06,0.0226850813496172,9.44656139261208e-06,0.0017103026087138,8.2141294567168e-05,0.0,2.90775186292392e-07,1.87596811679627e-06,1.23348175202515e-06,2.58845872813492e-06,1.76180486337424e-06,2.41792796871685e-06,2.47107055919585e-07,0.0002270163572431,6.53165944319563e-07,5.74952372382853e-07,1.96871369415098e-06,6.36986899090446e-07,1.40496125538346e-06,0.0028996900137433,6.90598315388999e-07,0.0021413882576899,3.1230519963173e-07,2.03035873596362e-05,1.25460282411096e-06,8.82104914030055e-07,4.53453203106224e-06,1.5128030030955e-07,3.46600747825774e-07,3.0780227465881e-06,1.06757044808423e-06,0.0021275980721267
k__Bacteria;p__Bacteroidetes;c__Bacteroidia;o__Bacteroidales;f__Prevotellaceae;g__Prevotella;NA,0.0009700357223265,0.0001051704111228,3.8516791716322e-05,0.0001097523363958,0.0035944166098889,3.07132381734837e-05,0.0024576200136924,0.0007765907665349,2.84959682566545e-05,0.0001566433377524,0.000196277783791,0.0004093462588636,0.0036165449332914,0.0007549980082318,0.0003718961191589,0.0001416299922948,3.02089249247798e-05,3.36347137843969e-05,7.01354253541285e-05,3.58835953154285e-05,0.0010551259027929,0.003072159184879,3.83282065040895e-05,5.35487244329372e-05,1.35852761839802e-05,7.75597037138104e-05,0.0002659757987115,0.0031605819069696,0.0033238119787686,0.0004394692723992,0.0002720815870432,0.0060814889422032,5.12433815080429e-05,3.1996689797001e-05
k__Bacteria;p__Firmicutes;c__Clostridia;o__Clostridiales;f__Ruminococcaceae;g__Ruminiclostridium;s__[Clostridium] leptum,0.0003226767954365,0.0002164757628944,0.0001403111698237,0.0052367543366035,0.0010485683145799,0.0001783981706672,4.1070647283584e-05,0.002130093334705,9.15941836821036e-05,0.0002943393975253,8.48018704517288e-06,0.000438928644328,0.0001814659009275,0.0001063888306235,0.00041785803156,3.15558305244004e-06,6.85824241535541e-06,0.000198358568472,4.0358630730095e-05,0.0004340004072469,0.0005774390759626,0.000109980341014,5.69743610195924e-05,0.0001143868040242,0.011510320437627,0.0011918205780106,0.0012320199732769,0.0001423129261301,0.0027768776537912,0.0016082608725908,0.0004807352372343,7.3188540863317e-05,0.0001695657728373,7.72647338848036e-05
k__Bacteria;p__Bacteroidetes;c__Bacteroidia;o__Bacteroidales;f__Bacteroidaceae;g__Bacteroides;s__Bacteroides intestinalis,0.0001011783172131,3.73939239547814e-05,0.0002785589400912,2.29447393162123e-06,0.002053446282719,0.0042696302109787,0.0001910973092616,0.0067518408999307,0.0006734353314531,0.0002686386343252,0.0002738329489495,0.000504379672168,0.0011649934659062,0.0007667854070793,1.77917080262102e-05,0.0001512823639846,5.2253275545565e-06,0.0029940644791837,1.10740145295992e-05,0.0003603222559188,0.0018958547180144,0.0003070284519975,4.17811980810345e-05,9.96679138005716e-05,0.0046792688060822,0.0008832060501441,0.0001511796403053,1.17613988537341e-06,0.000156964570306,0.0006916535330152,9.35822019129588e-05,3.14642325206783e-05,3.54077531947935e-05,0.0001512570790403
k__Bacteria;p__Bacteroidetes;c__Bacteroidia;o__Bacteroidales;f__Bacteroidaceae;g__Bacteroides;s__Bacteroides clarus,6.34415394417691e-05,0.0001653512574875,0.0001503989009875,3.82412321936873e-07,2.59780438296832e-05,4.49262792431278e-05,3.90340862612575e-06,0.0001487912508531,0.0027559672156793,9.54867771449304e-05,0.0005214544106686,0.0001856294687891,0.009845406027751,4.23137394525448e-06,6.25180851476551e-05,3.71245064992945e-07,3.26582972159781e-07,0.0012145868866587,0.0024798409869949,7.00685588999491e-06,0.0001149258306903,0.0010652262574731,0.0001902598358896,0.001833413002247,1.71767859797451e-05,8.04022059441595e-05,4.26564960197725e-05,4.99859451283698e-06,0.0001046430468706,0.0075938172346384,1.38640299130309e-06,0.0004357112199059,3.20271134425268e-06,0.0005821215950568
k__Bacteria;p__Firmicutes;c__Clostridia;o__Clostridiales;f__;g__Intestinimonas;s__Intestinimonas butyriciproducens,0.0003700756467436,0.0010286250487873,0.0007515359717029,0.0001284905401707,0.0025186894313052,0.000577180162058,0.0003105755559047,0.000672049701809,0.0007185054853285,0.0009347949125995,0.0007052431917203,0.0018359567978842,0.0010504761497868,0.0002925692842147,0.0008144648563109,1.94903659121296e-05,0.0003610374757226,0.0005395928014813,0.0001515909544496,0.0004858086750396,0.0004552074467442,0.0002185026093252,0.000427135058068,0.0010865344583238,0.0053760217064605,0.0016186019843102,0.0015312427468274,0.0006280586987893,0.0022145956819395,0.0002111872992321,0.0004668712073213,0.0002821520851039,0.0001620927797007,1.07261630569492e-05
k__Bacteria;p__Bacteroidetes;c__Bacteroidia;o__Bacteroidales;f__Prevotellaceae;g__Paraprevotella;s__Paraprevotella xylaniphila,2.60693682188879e-05,5.84280061793459e-06,0.0092814004705468,4.11093246082138e-05,0.0008938808717759,0.0001141944334216,6.78853674108826e-07,0.0046954978754379,1.22125578242805e-05,0.0001376960597728,1.06387801112169e-05,0.0001146317436745,0.0016613819861619,2.72016896480645e-05,4.44792700655254e-05,0.0002262738671132,5.71520201279617e-06,0.0018177119252883,0.0002399369814746,1.93219359390769e-05,1.99504498264451e-05,0.0001691364335291,0.0039571283471789,2.10269860338759e-05,3.43535719594903e-05,7.9590062449774e-05,2.76012621304411e-05,1.70540283379144e-05,0.0041480503779532,3.63072720742919e-05,0.0001147248475303,0.0004370792300155,0.0001238381719777,0.000222704232962
k__Bacteria;p__Actinobacteria;c__Actinobacteria;o__Bifidobacteriales;f__Bifidobacteriaceae;g__Bifidobacterium;s__Bifidobacterium catenulatum,0.0001823032742579,0.0002357570049336,5.89215206612783e-05,3.63291705840029e-06,6.84875700964376e-05,4.90104864470485e-07,1.35770734821765e-06,5.53127326591817e-07,2.61697667663153e-06,1.12558087007776e-06,2.46696350405029e-06,3.69779818304989e-07,1.76180486337424e-06,3.41532325581255e-05,8.12982213975436e-05,0.0002691526721198,1.63291486079891e-07,0.0001250521409932,4.92178423537744e-07,5.01096360617818e-05,9.27274428553084e-06,9.6649390588099e-05,1.7264957884725e-07,8.52293833906436e-05,3.1230519963173e-07,0.001194663080241,0.0145533927596871,2.94034971343352e-07,5.23215234353336e-06,0.0004629177189472,0.0001438393103476,0.009759726124376,0.0002218767247935,0.0004930399018719
k__Bacteria;p__Proteobacteria;c__Betaproteobacteria;o__Burkholderiales;f__Sutterellaceae;g__Parasutterella;s__Parasutterella excrementihominis,0.0009592798291453,0.0018480778354527,9.17066469436238e-07,1.91206160968436e-07,0.003889621653408,0.0006301114874208,0.0003521553434439,0.0009558040203506,0.0001526569728035,0.0005898043759207,0.0040863708592403,1.84889909152494e-06,0.0001559197304086,0.0011355194223086,0.0001917550753935,0.0021909027510558,6.85824241535541e-06,5.4620475376371e-06,4.92178423537744e-07,0.0002569180492998,0.0008747288776017,0.0003080699324995,0.0009138342208384,0.0010158837852499,0.0008521247371951,0.0016592091590294,0.004455094628418,2.94034971343352e-07,0.0002051003718665,3.10124615634577e-05,6.93201495651547e-07,6.73744978975395e-05,5.33785224042114e-06,1.38167524123413e-05
k__Bacteria;p__Firmicutes;c__Clostridia;o__Clostridiales;f__;g__;s__Clostridiales bacterium KLE1615,0.0005879280594819,0.0004536934679826,0.0013776631037105,1.24284004629484e-05,0.0005939525475604,0.0005363380900188,0.0003448576664472,0.000434020575599,0.000612663317518,0.0007811531238339,0.0004642516944184,3.47593029206689e-05,0.0024885493695161,0.0027763857900791,0.0008433763818535,2.0418478574612e-05,0.0019668459498322,0.0003412342330092,0.000952857427969,0.0006015279617077,0.0003464634455775,0.0002426649569722,0.0010825128593722,5.18665655502272e-05,3.34166563605951e-05,0.001125224811471,0.0012909863060101,0.000900041047282,0.0012630415757289,0.0013191642186992,0.0033883689107447,0.0002407697792886,0.0002644016143088,8.90816931848323e-06
k__Bacteria;p__Proteobacteria;c__Betaproteobacteria;o__Burkholderiales;f__;g__;s__Burkholderiales bacterium 1_1_47,0.001025455917701,0.0062874377449594,9.17066469436238e-07,5.73618482905309e-07,0.0034810578731775,0.0004522034216181,0.0004269989610144,0.0007948439683124,0.0001110761211636,0.0002982789305706,0.00284903447674,2.95823854643991e-06,0.0001114341576084,0.0013074945490836,0.0002347517031236,0.0018096340693081,8.8177402483141e-06,5.74952372382853e-06,1.96871369415098e-06,0.0001809042793416,0.0008140345513691,0.0002432898452734,0.0013420051763796,0.0006721626535495,0.0007567154987076,0.0008442231624136,0.0025681719809551,0.0,0.0001283621374946,2.43561283498375e-05,1.38640299130309e-06,5.98504422947686e-05,6.04956587247729e-06,1.1271561178489e-05
k__Bacteria;p__Actinobacteria;c__Actinobacteria;o__Bifidobacteriales;f__Bifidobacteriaceae;g__Bifidobacterium;s__Bifidobacterium bifidum,1.33081390208309e-05,6.71922071062478e-06,1.28389305721073e-05,1.72085544871593e-06,3.89670657445248e-05,8.16841440784142e-07,6.78853674108826e-07,3.68751551061212e-07,1.74465111775435e-06,5.62790435038882e-07,1.079296533022e-06,3.69779818304989e-07,0.0,0.0098989971039267,9.63717518086383e-06,1.7262895522172e-05,1.61658571219092e-05,8.33680939955136e-06,0.0,1.06164483181741e-06,0.0002913889643665,1.08313972210801e-05,3.452991576945e-07,2.50922033337585e-05,1.56152599815865e-07,3.49221702585743e-05,1.3173329653165e-05,8.82104914030055e-07,3.48810156235557e-07,1.42203482290977e-05,1.55970336521598e-05,0.0163227546251567,4.80406701637902e-06,5.63578058924449e-06
k__Bacteria;p__Bacteroidetes;c__Bacteroidia;o__Bacteroidales;f__Tannerellaceae;g__Parabacteroides;s__Parabacteroides distasonis,0.0005702446418788,0.0002500718664476,0.0004319383071044,6.3098033119584e-05,0.0015480552482143,0.0007264987774334,0.0002007709741176,0.0008815005828118,0.0007850930029894,0.0017720394831257,0.004466745794521,0.00119549815258,0.0012535241602907,0.0008142372434653,0.0004262596714612,0.0007911232334999,0.0009999970607532,0.0003906801370341,0.0010663045545945,0.0001590343958062,0.0002188929635887,0.0001635124388182,0.0003055897545596,0.0010593395563866,0.0006258596200619,0.0002846562947821,0.0005934271358044,0.0001587788845254,0.0004698472804492,0.0003701828948574,0.0011392766581033,5.88244347125725e-05,0.0012088456040473,0.0003137857192592
k__Bacteria;p__Firmicutes;c__Clostridia;o__Clostridiales;f__Ruminococcaceae;g__Ruminococcus;s__Ruminococcus faecis,0.0002153001668986,0.0005463018577768,0.0004624307672132,4.034449996434e-05,0.0009481985997834,5.048080104046e-05,0.0001193085332246,2.98688756359581e-05,0.0006045216123018,0.0014214210420965,0.0011462129180693,7.43257434793027e-05,0.0012632140870393,0.0004986976435478,0.0015229207856324,9.65237168981658e-05,7.49507921106698e-05,0.000361932518415,0.0003068732470757,0.0005206306255232,0.0004695380515491,0.0011495861781373,0.0007009572901198,0.0005835689523935,0.0003062152482389,0.0001721744208097,0.0043503352926047,0.0005013296261404,0.0040200370506148,0.0004503614540215,0.0005580272039994,0.0001949414406172,0.0013889091529575,0.0005221278016874
k__Bacteria;p__Bacteroidetes;c__Bacteroidia;o__Bacteroidales;f__Bacteroidaceae;g__Bacteroides;s__Bacteroides sp. 3_1_40A,0.000372445589309,0.0001700254979818,0.0022718029114109,0.0008871965868935,0.0030583242508581,0.0007624398008279,2.69844335458258e-05,0.0002400572597408,0.0003236327823434,0.0002116092035746,0.0008484812601742,0.0005912779294696,0.0002805674244923,0.0003784057271041,0.0013170806080513,0.0017424387125443,4.98039032543667e-05,0.0007937217500745,0.00024904228231,5.83904657499576e-05,0.0007628939616732,3.99928512778341e-05,0.0019074325471044,0.0005056289241612,0.0002498441597053,0.0014996229623827,0.0001035047329891,0.0001058525896836,0.0006732036015346,0.0003269167289689,0.0001240830677216,2.70181996644955e-05,0.0010243338449368,0.003299295036568
k__Bacteria;p__Bacteroidetes;c__Bacteroidia;o__Bacteroidales;f__Bacteroidaceae;g__Bacteroides;s__Bacteroides sp. 9_1_42FAA,0.0006519165087464,8.09227885583941e-05,0.0032001034450977,0.0002594667604341,4.36903464408309e-05,0.0006727506106298,0.0023780244204032,0.0004935739510954,0.0001712665847262,0.0010197762682904,0.0002396038303308,0.000168619597147,0.0001598837913512,0.0003995625968304,0.0019953894765506,0.0044759161260874,7.47875006245899e-05,0.0001865720448382,0.0009631931748633,0.0012453093877218,7.10910395224031e-05,0.0002351662973576,0.0004677077090972,0.0013890426973978,0.0003828861747485,0.0001831383579839,0.0010011730536405,5.61606795265802e-05,3.10441039049646e-05,0.000716463502266,0.0002904514266779,0.00014329905898,0.0007875111338701,0.0004624976070657
k__Bacteria;p__Bacteroidetes;c__Bacteroidia;o__Bacteroidales;f__Odoribacteraceae;g__Odoribacter;s__Odoribacter laneus,5.46909822773872e-07,2.9214003089673e-06,1.37559970415436e-06,0.000151052867165,0.0002302599339449,1.82972482735648e-05,1.69713418527207e-06,1.10625465318363e-06,0.0006987327726606,0.0006890430892992,2.92951916105972e-06,5.17691745626984e-06,6.16631702180982e-06,0.0002605317386292,0.0003024590364455,3.15558305244004e-06,3.10253823551792e-06,2.58728567572284e-05,9.84356847075488e-07,0.0037760583378081,0.0176831233525073,1.52056153295932e-05,0.0001065247901487,9.11169394801288e-06,0.0002073706525554,1.1776080668589e-05,1.25460282411096e-06,9.70315405433061e-06,9.10394507774804e-05,1.04383407213589e-05,1.42106306608567e-05,2.39401769179074e-06,0.000153018430892,5.4539812153979e-07
k__Bacteria;p__Bacteroidetes;c__Bacteroidia;o__Bacteroidales;f__Prevotellaceae;g__Prevotellamassilia;s__Prevotellamassilia timonensis,2.5522458396114e-06,2.13262222554613e-05,6.09849202175098e-05,0.0005864292956901,0.0041647527539678,1.43764093578009e-05,1.86684760379927e-06,0.0001259286546874,1.36664337557424e-05,0.0007533887957053,0.0013002439518535,5.69460920189682e-05,0.0006492250921534,0.0002327255669889,7.16610462166798e-06,1.48498025997178e-06,2.988234195262e-05,4.59961897906282e-06,5.66005187068406e-06,1.48630276454437e-06,0.0001983805292601,0.0043869241706378,0.0001041076960448,0.0007046843919486,0.0004064652173206,0.0002736923576078,0.0005426157214279,0.0013457980638385,0.0008120300437163,0.0003464318877088,9.35822019129589e-06,0.0048133435706089,6.04956587247729e-06,2.54519123385235e-06
k__Bacteria;p__Firmicutes;c__Clostridia;o__Clostridiales;f__Clostridiaceae;g__Clostridium;s__Clostridium sp. L2-50,7.96665308507273e-05,5.46301857776885e-05,5.15849889057884e-05,1.47228743945696e-05,0.0001121779165372,0.0001176251674729,0.0029727002389225,2.26782203902645e-05,6.077201393511e-05,1.89472779796424e-05,4.24009352258644e-05,2.51450276447392e-05,0.0037455971395336,0.0023245355009251,0.0015498554547276,2.43165517570379e-05,1.66557315801488e-05,5.31830944454139e-05,0.0021801043270604,2.9938384257251e-05,0.000168876342897,0.0010743912858909,3.09042746136577e-05,9.86866544523241e-05,5.40287995362892e-05,0.0003171420345575,0.0001762716967875,6.02771691253871e-05,4.67405609355646e-05,4.704817339627e-05,0.0001136850452868,0.0062702743373273,2.31306930418249e-05,2.72699060769895e-06
k__Bacteria;p__Bacteroidetes;c__Bacteroidia;o__Bacteroidales;f__Tannerellaceae;g__Parabacteroides;s__Parabacteroides sp. D13,0.0003290574100356,0.0001375979545523,0.0002038180228322,1.77821729700646e-05,0.0004853170915454,0.0008704262392995,0.0002455753166088,0.0012351333202795,0.0028952485299133,0.0015482364867919,0.0010563229353905,0.0005927570487428,0.0004959480690398,0.0023753119882682,0.0009718720509317,3.21126981218898e-05,0.0014637448812201,0.0006077246576086,7.5057209589506e-05,0.000206808413238,0.0002270417388699,0.0002247514923374,0.0001963025711493,0.0003163860498563,0.0007515624629137,4.46678921911997e-05,0.0001210691725267,5.67487494692669e-05,0.000746453734344,0.000376839228071,0.0016564049738593,0.0001891273976514,0.0003014107231757,0.0002943331862576
k__Bacteria;p__Bacteroidetes;c__Bacteroidia;o__Bacteroidales;f__Bacteroidaceae;g__Bacteroides;s__Bacteroides sp. D22,0.0016421878945156,0.0019523718264828,1.46730635109798e-05,0.0021900753677324,0.000850190525335,0.0001347788377293,0.0005050671335369,0.0004965239635039,0.0001032251911337,0.0002419998870667,3.50000447137135e-05,0.0002277843680758,0.0001220049867886,0.0009958840821152,0.0002972697882712,0.0014747710206844,6.35203880850775e-05,7.44563322235794e-05,0.000646230270105,0.0050188197779336,0.0003175212437166,0.0001108135254156,5.07589761810915e-05,6.20996987533801e-05,0.0002673332508847,5.40075423766324e-05,9.28406089842108e-05,0.0002111171094245,0.0001517324179624,0.0002508227379132,3.77794815130093e-05,5.02743715276056e-05,7.31285756937695e-05,0.0014923910599067
k__Bacteria;p__Firmicutes;c__Clostridia;o__Clostridiales;f__Eubacteriaceae;g__Eubacterium;s__[Eubacterium] hallii,0.0004634149231637,0.0011466496212696,0.0002219300856035,0.0008028746699064,0.0012008941170358,5.22778522101851e-05,0.0003266983306648,0.0001373599527703,0.00038585867221,0.0002157363334315,0.0002288108650006,0.0002067069184324,0.0011046516493356,0.0006168738730188,0.001732961783164,3.02564727969251e-05,0.0008651182932512,0.0004484628504586,0.0003218846889936,0.0004456785003969,0.0001820829786976,0.0005192821783106,0.0006455367753098,0.0003920831995783,0.0003457218559923,0.0017538238761253,0.001243938700106,0.0004478152613559,0.0001681264953055,0.0007845396374053,0.0016467001529202,0.0003197723631177,0.0001437661536753,0.000445590265298
k__Bacteria;p__Firmicutes;c__Negativicutes;o__Acidaminococcales;f__Acidaminococcaceae;g__Phascolarctobacterium;s__Phascolarctobacterium succinatutens,1.64072946832162e-06,3.00904231823632e-05,5.73166543397649e-06,1.16635758190746e-05,0.0129772137131008,6.53473152627313e-06,1.01828051116324e-06,0.0023893256751011,6.10627891214024e-06,1.87596811679627e-06,2.88326359535878e-05,0.0006471146820337,0.0034452094103283,6.95154291006094e-06,2.47107055919585e-06,1.11373519497884e-06,8.16457430399453e-07,8.33680939955136e-06,0.0,7.64384278908536e-06,5.33885277045715e-06,2.08296100405386e-06,6.90598315388999e-07,1.0793852830723e-05,9.05685078932016e-06,2.55825200731416e-05,4.3283797431828e-05,8.82104914030055e-07,9.03418304650093e-05,3.32816660681009e-06,2.77280598260619e-06,1.36801010959471e-06,1.60135567212634e-06,1.70891411415801e-05
k__Bacteria;p__Firmicutes;c__Clostridia;o__Clostridiales;f__Clostridiaceae;g__Clostridium;s__Clostridium sp. ATCC BAA-442,0.0005587595356006,0.0003470623567053,0.000419557909767,0.000399812082585,0.0015397895069957,0.0003651281240305,0.0003037870191637,0.0002761949117448,0.0004387797561152,0.0004659904802121,0.0004471371351091,0.0008083386828147,0.0003149226193281,0.0006860870611234,0.000700548503532,0.0013554157322892,0.0023742582076016,0.0004849723261049,0.000199086172321,0.0004541716590514,0.0002208599093462,0.0001368505379663,0.0001750666729511,0.0001882616149566,0.0010429432141701,0.0008718360412227,0.0013831996135823,0.0005813071383458,0.0006951786413774,0.000258538033229,0.0007070655255645,0.0002014394886378,0.0001708112716934,0.0001768907907527
k__Bacteria;p__Proteobacteria;c__Betaproteobacteria;o__Burkholderiales;f__Sutterellaceae;g__Sutterella;s__Sutterella sp. KLE1602,3.64606548515915e-07,0.0,6.87799852077178e-07,0.0,1.18082017407651e-06,3.26736576313657e-07,1.52742076674486e-06,7.37503102122423e-07,1.16310074516957e-06,5.62790435038882e-07,7.70926095015716e-07,0.0014384434932064,0.0052907000047128,1.20896398435842e-06,4.94214111839171e-07,7.42490129985891e-06,0.0,5.74952372382853e-06,4.92178423537744e-07,1.69863173090786e-06,2.80992251076692e-07,4.16592200810772e-07,0.0,5.88755608948525e-06,2.6545941968697e-06,2.03035873596362e-06,0.0,5.88069942686703e-07,4.18572187482668e-06,3.02560600619099e-07,3.46600747825774e-07,0.0032777522225889,0.0090857362268288,7.27197495386386e-07
k__Bacteria;p__Bacteroidetes;c__Bacteroidia;o__Bacteroidales;f__Bacteroidaceae;g__Bacteroides;s__Bacteroides nordii,0.0018343355455835,1.92812420391842e-05,6.64873190341273e-06,4.58894786324247e-06,3.54246052222953e-06,0.0002249581327919,4.41254888170737e-06,8.48128567440787e-06,0.0003056047207933,9.43611962748526e-05,3.80837490937764e-05,0.000469250589429,0.0004849367886437,2.41792796871685e-05,4.07726642267316e-05,3.89807318242593e-06,1.29000274003114e-05,0.0003645198040907,4.10968983654016e-05,0.0015400219930343,5.42315044578016e-05,7.08206741378312e-06,0.0001092871834103,8.15847058114384e-05,0.0001691132656005,0.0005839311724631,4.70476059041609e-05,0.0115579266535645,4.18572187482669e-05,0.00039590054591,5.89221271303815e-06,2.66761971370968e-05,0.0001635162069649,5.0903824677047e-05
k__Bacteria;p__Bacteroidetes;c__Bacteroidia;o__Bacteroidales;f__Bacteroidaceae;g__Bacteroides;s__Bacteroides sp. HMSC073E02,3.28145893664323e-05,0.0002979828315146,0.0005983858713071,0.000223902414494,0.000200739429593,0.0006699733497311,0.0004076516313023,0.0003698578057143,0.0002087765837579,0.0004813734187699,0.0001137886916243,8.06120003904875e-05,0.0001819063521433,0.0008335806672151,0.0001023023211507,0.0004484640385114,0.0001719459348421,7.90559512026423e-05,0.0007985594921899,0.0011523093004546,5.8446388223952e-05,0.0001151877435241,0.000231695734813,0.0002534452716616,7.35478745132724e-05,7.5123273230654e-05,1.25460282411096e-05,4.88098052429964e-05,0.0002071932328039,0.009504941268449,2.25290486086753e-05,3.00962224110836e-05,0.0001795297636861,0.0001079888280648
k__Bacteria;p__Bacteroidetes;c__Bacteroidia;o__Bacteroidales;f__Tannerellaceae;g__Parabacteroides;s__Parabacteroides goldsteinii,4.22943596278461e-05,0.0007554741198989,0.0001682816971415,3.82412321936873e-07,8.26574121853557e-06,2.61389261050925e-06,0.001251297034801,4.42501861273454e-06,6.68782928472503e-06,8.06666290222398e-06,1.4030854929286e-05,0.0005912779294696,4.00810606417638e-05,3.62689195307527e-06,1.45793162992555e-05,1.67060279246825e-06,0.0003564653141124,0.0008796771297457,6.89049792952842e-06,3.48219504836111e-05,8.71075978337745e-06,6.54049755272912e-05,4.79965829195355e-05,1.17751121789705e-05,0.0033842952958092,0.0098971866943282,1.06641240049431e-05,2.05824479940346e-05,6.52274992160492e-05,0.0004483948101175,3.46600747825773e-06,7.93445863564932e-05,2.90023305062882e-05,8.90816931848323e-06
k__Bacteria;p__Proteobacteria;c__Gammaproteobacteria;o__Enterobacterales;f__Enterobacteriaceae;NA;NA,4.66696382100371e-05,0.0001092603715553,0.0007877600972457,0.0007307899472213,0.0003105557057821,0.0039102199770336,2.83421408940435e-05,8.7025366050446e-05,0.0002800165043995,0.0010199638651021,0.0007593622035904,0.0013267699880783,8.80902431687118e-06,0.0002018969853878,0.000233269060788,3.13702079919039e-05,0.0007877181288493,6.41071895206881e-05,5.16787344714631e-05,0.0002099933477334,0.0004515545474802,0.0003436885656688,1.27760688346965e-05,1.49992500374981e-05,0.0002845100368645,0.0005023107512774,0.001639765891113,0.0002431669213009,7.3250132809467e-06,2.20869238451943e-05,0.0001171510527651,0.0007182053075372,0.0002636899006768,0.0015407496933499
k__Bacteria;p__Bacteroidetes;c__Bacteroidia;o__Bacteroidales;f__Bacteroidaceae;g__Bacteroides;s__Bacteroides sartorii,0.0004147399489368,0.0002226107035433,0.0013749119043022,0.0004315523053057,0.0015161731035142,0.0003971483085092,0.0007903553900812,0.000217194663575,0.0003448593709427,0.0003014680763691,0.0005189874471645,0.0007280964622425,0.0001907153764602,0.0008109125925084,3.95371289471337e-05,0.0008518218016263,1.81253549548679e-05,0.0010938468884583,0.0001781685893206,0.0003089386460588,0.000740133589336,4.89495835952657e-05,0.0001738581258991,0.0008508920348375,0.0002023737693613,0.001091520856454,0.0003531706949872,0.0009706094404044,0.0002466087804585,0.0001795697164674,9.56618063999135e-05,4.58283386714228e-05,0.0006868036549341,0.000481041143198
k__Bacteria;p__Firmicutes;c__Clostridia;o__Clostridiales;f__Ruminococcaceae;g__Anaerotruncus;s__Anaerotruncus colihominis,0.0008983905355432,0.0004332436658198,0.0004745818979332,0.0007160670728267,0.0016047346165699,0.0005569224943266,0.000100130916931,0.0003304013897508,0.0004454675853999,0.0002320572560476,0.0003597141159343,0.0003453743502968,0.0002127379372524,0.0004382494443299,0.0005488247711973,0.000496169029363,0.0005635189184617,0.0001492001406333,0.0002387065354158,0.0007510075540276,0.0001025621716429,0.0001056061229055,0.0002235812046071,0.0004188575617948,0.0016168040184934,0.0009538625341557,0.0011103234993382,0.0002643374392376,0.0009376016999611,0.0002408382380928,0.0004984118753734,5.09583765824029e-05,0.0001227706015296,0.0001763453926311
k__Bacteria;p__Bacteroidetes;c__Bacteroidia;o__Bacteroidales;f__Bacteroidaceae;g__Bacteroides;s__Bacteroides sp. 2_2_4,0.0013532372048168,0.0006853605124837,8.64335147443654e-05,0.0009044051413807,0.0001877504076781,0.0003136671132611,6.38122453662297e-05,0.000512564655975,0.0003152003019409,0.0009826320995778,0.0001663658513043,0.0005968246267442,0.0001048273893707,0.0005863475324138,0.0001663030486338,0.00223211095327,8.80141109970611e-05,0.0001276394266689,0.0016583951981104,0.0017801660539914,7.61489000417836e-05,0.000162887550517,0.000190950434205,0.0001921866523496,0.0003069960112379,0.0003739920791644,6.27301412055479e-05,0.0001123213590531,0.0004510115320125,0.0005491474901236,0.000119230657252,0.0002346137337954,0.0002101334498645,0.0006895650250001
k__Bacteria;p__Firmicutes;c__Clostridia;o__Clostridiales;f__Lachnospiraceae;g__Coprococcus;s__Coprococcus eutactus,3.44553188347539e-05,1.69441217920103e-05,4.76874564106844e-05,8.9866895655165e-06,0.0004652431485861,0.0056747608574155,1.42559271562854e-05,0.0001222411391767,0.0016434613529246,0.000131692961799,1.75771149663583e-05,2.62543670996542e-05,0.0012398701725996,2.90151356246022e-05,6.59775839305293e-05,5.56867597489418e-05,9.79748916479344e-06,0.0010464133177367,3.34681328005666e-05,1.2315080049082e-05,0.000157636652854,5.8322908113508e-06,1.381196630778e-05,5.9015740801745e-05,1.63960229806658e-05,0.0002005994431132,0.0014885862508076,7.02743581510611e-05,9.20858812461871e-05,0.000947619801139,0.0022466660474066,0.0004357112199059,1.70811271693476e-05,2.72699060769895e-06
k__Bacteria;p__Firmicutes;c__Clostridia;o__Clostridiales;f__Lachnospiraceae;g__Blautia;s__Blautia massiliensis,0.0002750956408552,0.0003070391724724,0.0002421055479311,0.000478206608582,0.0010131437093576,0.0005928635177211,0.0001026766182089,0.0003014543929925,0.0004463399109588,0.0002553192606959,0.0004351106880268,8.02422205721825e-05,0.0009474105652794,0.0012485575548461,0.0004949554330069,0.0002576440751051,0.0001948067428933,0.0007126534655685,0.0004894714422082,0.0003293222268297,0.0001483639085684,0.0003834731208463,0.0002613914623747,0.0003162458699494,0.0001271082162501,0.0004413999891984,0.0011510980911218,0.0004575184154102,0.0005755367577886,0.0007430888351205,0.0009268103996861,0.0003717567472823,0.0010302054824012,2.01797304969722e-05
k__Bacteria;p__Firmicutes;c__Clostridia;o__Clostridiales;f__Lachnospiraceae;g__Dorea;s__Dorea formicigenerans,0.0001983459623926,0.0002705216686103,0.0004509674363452,0.0001462727131408,0.0020333723397597,0.0002721715680692,0.0002494787252349,0.0001187379994417,0.0002241876686314,0.0007321903559855,0.0002522470182891,0.0001419954502291,0.000993657942943,0.0003638981592918,0.0003975952529746,9.87511872881235e-05,0.000404799593992,0.0001931839971206,0.0003942349172537,0.0001673152254944,0.0001528597845857,0.000212253726313,0.0003974393305063,0.0003866161832095,0.0001141475504653,0.0004462728501648,0.0009773355999824,0.0003884201971445,0.0007565692288749,0.0002904581765943,0.0006114037191646,0.0018885379562955,0.0012389155050017,7.67193357632638e-05
k__Bacteria;p__Bacteroidetes;c__Bacteroidia;o__Bacteroidales;f__Rikenellaceae;g__Alistipes;s__Alistipes timonensis,0.0001567808158618,7.27428676932857e-05,3.43899926038589e-06,1.91206160968436e-07,0.0002137284515078,0.0017718924533489,0.0002199485904112,4.90439562911411e-05,0.0005481112261611,0.0001519534174604,3.9779786502811e-05,0.0002092953771606,0.002651956770594,0.0001834602846263,7.06726179930014e-05,4.64056331241182e-06,6.53165944319563e-07,0.0011760650777091,0.0001528214005084,0.0002038358077089,0.006749152878611,7.22787468406689e-05,4.78239333406882e-05,5.43898038742923e-05,5.73080041324224e-05,0.0003947017382713,0.0001279694880593,2.73452523349317e-05,0.0002776528843635,5.7789074718248e-05,0.0002065740457041,6.84005054797355e-06,2.31306930418249e-05,2.18159248615916e-06
k__Bacteria;p__Firmicutes;c__Clostridia;o__Clostridiales;f__Lachnospiraceae;g__;s__Lachnospiraceae bacterium 3_1_57FAA_CT1,9.31569731458162e-05,0.000118608852544,0.0002168862200216,6.09947653489312e-05,0.0039640133243748,0.0007523109669621,2.35901651752817e-05,8.66566144993847e-05,9.27572844272732e-05,2.96402962453811e-05,4.64097509199461e-05,0.0001885877073355,0.0001391825842065,0.0001538406670096,0.0001371444160353,7.42490129985891e-06,0.0001334091441272,0.0004697360882367,0.0001451926349436,0.0001520275399162,0.0001624135211223,9.78991671905314e-06,8.71880373178612e-05,7.59775095357382e-05,3.01374517644619e-05,0.0036911921819818,0.0035643266232992,0.0003616630147523,0.0001091775789017,3.57021508730537e-05,0.0003195658894953,2.94122173562863e-05,1.58356283132494e-05,5.81757996309109e-06
k__Bacteria;p__Actinobacteria;c__Actinobacteria;o__Bifidobacteriales;f__Bifidobacteriaceae;g__Bifidobacterium;s__Bifidobacterium kashiwanohense,0.0001341752098538,0.0005051101134204,6.37361196258185e-05,4.78015402421091e-06,0.0001535066226299,9.8020972894097e-07,2.03656102232648e-06,5.53127326591817e-07,5.23395335326306e-06,7.5038724671851e-07,6.62996441713516e-06,4.43735781965986e-06,4.40451215843559e-07,2.38770386910789e-05,3.70660583879378e-05,0.0010016191853509,3.26582972159781e-07,0.0004251772793771,1.96871369415098e-06,7.66507568572171e-05,6.46282177476392e-06,0.0003826399364446,8.63247894236249e-07,0.0002364835029276,0.0,0.00457236787339,0.0017658534749361,2.94034971343352e-06,6.97620312471114e-07,0.000818123864074,0.0004006704644865,0.0023338252469685,0.0006894725810543,0.0017763616818551
k__Bacteria;p__Bacteroidetes;c__Bacteroidia;o__Bacteroidales;f__Bacteroidaceae;g__Bacteroides;s__Bacteroides sp. 3_1_19,0.0003806492366506,8.79341492999156e-05,1.35267304241845e-05,1.45316682336012e-05,0.0001688572848929,0.0001926112117369,9.65669351419805e-05,0.0001985727102464,0.0006490102158046,0.0024008639958758,0.0012567637200946,0.0009680835643224,8.54475358736504e-05,0.0008112148335045,0.0003027061435014,3.58251487718192e-05,0.001087521297292,0.0021488844917809,1.7226244823821e-05,9.15137845026608e-05,6.35042487433324e-05,0.000270784930527,8.21811995312909e-05,0.0003861956434888,0.0005559032553444,0.0002436430483156,0.0002346107281087,2.32287627361248e-05,0.0003617161320162,0.0004480922495168,0.000829415589547,4.82223563632135e-05,0.0004761364198455,0.0002792438382283
k__Bacteria;p__Bacteroidetes;c__Bacteroidia;o__Bacteroidales;f__Barnesiellaceae;g__Barnesiella;s__Barnesiella viscericola,2.27879092822447e-05,1.19777412667659e-05,4.58533234718119e-07,5.54497866808465e-06,3.89670657445248e-05,9.49169754191173e-05,0.000302938452071,9.23722635408335e-05,0.0007493276550754,7.48511278601713e-05,7.1079385960449e-05,0.0001050174683986,0.0001352185232639,0.0095910135289114,4.00313430589728e-05,3.89807318242593e-06,0.0001917042046577,0.0016426389278978,0.0002202498445331,7.83493885881249e-05,0.0002056863277881,0.0001553888909024,6.64700878561912e-05,0.0001443853040992,4.35665753486263e-05,0.0002241516044503,0.0004215465489012,4.93978751856831e-05,6.80179804659336e-05,3.17688630650054e-05,4.4364895721699e-05,9.57607076716297e-06,0.0001051556891362,5.0903824677047e-06
k__Bacteria;p__Firmicutes;c__Clostridia;o__Clostridiales;f__Clostridiaceae;g__Clostridium;s__Clostridium sp. M62/1,0.0012923479112146,0.0003736470995169,0.0003530705907329,0.0003099451869298,0.000756905731583,0.0004079306155276,0.00010946515495,0.0001336724372596,0.0003320652627459,0.0003117859010115,6.10573467252447e-05,0.0003882688092202,0.0003550036799699,0.0004430853002673,0.0004151398539449,0.0003060915560866,0.0004812200094774,0.00030644961448,0.0004857801040317,0.0002724180638443,0.0001995044982644,0.0001041480502026,0.0001075606876218,0.0003958680570644,0.0012078403595757,0.0006627090914185,0.0015149329101139,0.000235522012046,0.0012651344366663,0.0001058962102166,0.0003160998820171,0.0002636839486243,0.0005613641272842,1.54529467769607e-05
k__Bacteria;p__Actinobacteria;c__Coriobacteriia;o__Coriobacteriales;f__Coriobacteriaceae;g__Collinsella;s__Collinsella aerofaciens,0.0005051623729688,1.16856012358692e-06,0.0007616237028667,7.64824643873745e-07,0.0003235447276969,0.0002720081997811,0.0001182902527134,0.0001353318192394,0.0001427706164695,0.0002027921534256,1.54185219003143e-07,1.47911927321995e-06,0.0005285414590122,4.23137394525448e-06,0.0018901218707289,1.7262895522172e-05,0.0009214538559488,0.0004855472784773,5.53700726479962e-05,0.0001537261716471,2.10744188307519e-05,0.0003043206026922,0.0010243299513007,0.0001801311803568,0.0001694255708002,0.001169486631915,0.0027914912836468,0.0001205543382507,0.0007928454851234,0.0001676185727429,3.11940673043196e-06,0.0004480233108922,0.0006860919413021,0.0001163515992618
k__Bacteria;p__Bacteroidetes;c__Bacteroidia;o__Bacteroidales;f__Bacteroidaceae;g__Mediterranea;s__Mediterranea massiliensis,0.0001740996269163,5.20009254996179e-05,0.0001664475642026,0.0001778217297006,0.0004073829600563,0.0006827160762073,0.0001050526060683,0.0002457729087822,6.8913719151297e-05,1.59457289927683e-05,0.0001521808111561,0.000121287780404,0.0043036488300074,0.000826629124305,6.27651922035747e-05,2.07897236396049e-05,0.0006005860858018,0.0002863262814466,0.0022239082067553,3.39726346181571e-05,6.88431015137896e-05,9.3941541282829e-05,0.0001424359025489,4.20539720677518e-05,5.16865105390513e-05,1.54307263933235e-05,0.0012740491678846,0.0002684539288364,0.0002096349038975,0.0009072279609563,4.54046979651763e-05,0.0003673107144261,9.92840516718331e-05,4.72678372001151e-05
k__Bacteria;p__Actinobacteria;c__Coriobacteriia;o__Eggerthellales;f__Eggerthellaceae;g__Adlercreutzia;s__Adlercreutzia equolifaciens,0.0002280613960967,0.0003482309168289,0.000659600058142,2.1032677706528e-06,0.0005974950080827,0.000265636836543,9.45303741196541e-05,0.0005761742985331,9.30480596135656e-05,0.0004656152865888,0.000395793457181,0.000469250589429,0.0005888832755828,0.0003696407382175,0.0010217876762274,4.64056331241182e-06,0.0002135852637924,0.0003932674227098,0.0002997366599344,0.0001993768994153,0.0002764963750594,2.08296100405386e-07,5.17948736541749e-07,0.0002490996945479,0.0001981576491663,0.0013246060393426,0.0013505799401554,0.0004681036743786,0.0013544298366626,0.0003385653120927,0.0012754907519988,5.64304170207818e-05,1.92162680655161e-05,2.43611160954439e-05
k__Bacteria;p__Bacteroidetes;c__Bacteroidia;o__Bacteroidales;f__Bacteroidaceae;g__Bacteroides;s__Bacteroides sp. HMSC068A09,4.73988513070689e-05,4.08996043255422e-05,8.71213145964426e-05,0.0004063130920579,3.54246052222953e-05,7.84167783152776e-05,0.0002114629194848,3.44782700242233e-05,9.62465866627819e-05,8.01038385872009e-05,8.94274270218231e-06,7.06279452962528e-05,0.0001167195721985,2.81084126363334e-05,2.29809562005214e-05,0.003706696351422,0.0003442184526564,5.72077610520938e-05,2.95307054122646e-06,3.97055167099712e-05,0.0008876545211512,0.0016532461489175,0.0001445076974951,0.0015454834734898,5.55903255344479e-05,1.38064394045526e-05,1.3173329653165e-05,1.17613988537341e-05,0.003398457352203,0.0001948490267987,0.0003906190427996,1.36801010959471e-06,6.90362223094467e-05,0.0003017869605853
k__Bacteria;p__Firmicutes;c__Clostridia;o__Clostridiales;f__Ruminococcaceae;g__Subdoligranulum;s__Subdoligranulum sp. 4_3_54A2FAA,0.0002249622404343,0.0003400509959637,0.0001595695656819,0.0003623356750351,0.0010639189768429,0.0001659821807673,3.6997525238931e-05,0.0002326822287196,0.0004722189025388,0.0001560805473174,0.000245462868653,0.0004810835436147,0.0005109234103785,0.0002702034505041,0.0005231256373817,0.0002489198160777,0.0004833427987964,0.0003317475188649,0.0004252421579366,0.0003259249633679,0.0002683475997782,3.06195267595917e-05,9.77196616275434e-05,0.0001882616149566,0.0004339480748882,0.0010415740315493,0.0013970002446475,0.0003310833777326,0.0004684520398243,0.0017518258775845,0.0002447001279649,0.0001983614658912,0.0002971404413834,4.54498434616492e-06
k__Bacteria;p__Actinobacteria;c__Coriobacteriia;o__Coriobacteriales;f__Coriobacteriaceae;g__Collinsella;s__Collinsella sp. 4_8_47FAA,0.0004573989151132,1.16856012358692e-06,0.0007377799746614,1.91206160968436e-07,0.0001889312278522,0.0003004342819204,9.1984672841746e-05,0.0001318286795043,0.0001788267395698,0.0001904107638548,0.0,3.3280183647449e-06,0.0005624562026322,1.1485157851405e-05,0.001800669116486,3.52682811743298e-06,0.0009283120983641,0.0003855055656827,5.9553589248067e-05,0.0001435343812617,2.97851786141294e-05,0.000281616327748,0.0009953248220543,0.0001748043438949,0.0001464711386272,0.0006261626341711,0.002861749041797,0.0001076167995116,0.0008029609796542,0.0002232897232568,1.21310261739021e-05,0.0005041117253856,0.0006287989939216,0.0001019894487279
k__Bacteria;p__Firmicutes;c__Clostridia;o__Clostridiales;f__Lachnospiraceae;g__Lachnoclostridium;s__[Clostridium] bolteae,0.0004154691620338,0.0003955576018341,0.0003484852583857,0.0003072683006762,0.0007781604947164,0.0001659821807673,0.0002347136578231,0.0002044727350634,5.96089131899405e-05,0.0001397596247013,0.0003922471971439,0.0010871526658166,0.0001250881452995,0.0002578115696644,0.0002485896982551,0.0015870726528448,0.0004390908060688,8.07808083197908e-05,0.0002143437034506,0.0003038427508661,5.61984502153384e-05,5.12408406997249e-05,0.0003014461646672,0.000417175402912,0.0012962227310714,0.0003930774512825,0.0003475249822787,0.0002049423750263,0.0004189209976389,0.0001370599520804,0.0003996306622431,4.03562982330439e-05,0.0001323787355624,0.0016923703711379
k__Bacteria;p__Firmicutes;c__Clostridia;o__Clostridiales;f__Lachnospiraceae;g__Lachnoclostridium;s__[Clostridium] clostridioforme,0.0007860917186003,0.0003304103749442,0.0005071377575982,0.0002342275471863,0.0008289357622017,0.0002197303475709,0.0002642437926468,0.0003342732810369,0.0003085124726562,0.0002061688960359,0.0002806170985857,0.0004001017634059,0.0005073998006517,0.0003076813340192,0.0002876326130903,0.0004354704612367,0.0006515330294587,0.0001972086637273,0.0002387065354158,0.0006291307273349,0.0001964135835026,0.0001843420488587,0.0002658803514247,0.0002987233815879,0.0009369155988951,0.0004872860966312,0.000622283000759,0.0006039478311392,0.0004600805960747,0.0004633715598481,0.0005940736817733,0.0001976774608364,0.0002444736326112,3.49054797785465e-05
k__Bacteria;p__Firmicutes;c__Clostridia;o__Clostridiales;f__Eubacteriaceae;g__Eubacterium;s__Eubacterium ramulus,0.0002359004368897,0.0005985949233073,0.0008817594103629,3.00193672720445e-05,0.0010922586610207,0.0002404781201668,6.075740383274e-05,0.0001185536236661,0.0003817878196019,0.000449106767161,0.0012669399445488,0.0005446856723632,0.0006712476529455,0.0005697242776289,0.000168774119193,7.1093429946149e-05,0.0012145620734622,0.0005444798966465,6.42292842716756e-05,0.0001626439882344,7.10910395224031e-05,0.0002695351539245,6.24991475427044e-05,0.0002249887505624,5.87133775307652e-05,0.0004832253791593,0.0009704352844498,0.0003654854693797,0.0002452135398335,0.0002535457833188,0.0001265092729564,0.0001898114027062,0.0006104723678961,3.1996689797001e-05
k__Bacteria;p__Firmicutes;c__Clostridia;o__Clostridiales;f__Clostridiaceae;g__Hungatella;s__Hungatella hathewayi,0.0001285238083518,0.0001542499363134,0.000229266617359,0.0002311682486108,0.0040254159734268,0.0002422751713365,0.0001101440086241,7.02471704771608e-05,0.0002006348785417,0.0001309425745523,0.0001657491104283,0.0001386674318643,0.0001334567184005,0.0001305681103107,0.0001551832311175,0.0007786865238227,0.0003368703357828,6.75569037549852e-05,9.10530083544826e-05,0.0003753976125306,1.74215195667549e-05,4.95744718964818e-05,7.21675239581504e-05,7.92016473942658e-05,0.0005157720371918,0.0012145605958534,0.0019164058138294,0.0001546623949266,0.0004520579624812,5.49147490123666e-05,0.0004498877706778,6.22444599865593e-05,7.24168620617134e-05,0.0003145129167546
k__Bacteria;p__Bacteroidetes;c__Bacteroidia;o__Bacteroidales;f__Tannerellaceae;g__Parabacteroides;s__Parabacteroides sp. 20_3,0.0002842108045681,0.0002784094494445,3.0950993343473e-05,0.0007648246438737,0.0001357943200187,0.000528169675611,2.27415980826457e-05,0.0007139030028545,0.0003047323952344,0.0004025827578644,0.0006037893176163,0.000442626442511,0.0003047922413637,0.0007075461718457,3.18768102136265e-05,6.10698131913395e-05,5.12735266290857e-05,0.0003803309943312,0.0008202153428256,4.28904512054234e-05,0.0013535396734364,0.0001493483039906,0.0004316239471181,0.0011838193137072,0.0001019676476797,0.0003638402854846,0.0001656075727826,0.0001340799469325,0.0011221222726097,0.0001904618980897,0.0002256370868345,2.56501895549008e-05,0.0007074433502638,2.01797304969722e-05
k__Bacteria;p__Bacteroidetes;c__Bacteroidia;o__Bacteroidales;f__Prevotellaceae;g__Paraprevotella;NA,1.82303274257957e-07,8.76420092690189e-07,0.0041905352320888,1.91206160968436e-07,0.0005762402449493,6.53473152627313e-07,5.0914025558162e-07,0.0019836989689337,0.0,1.87596811679627e-07,0.0,7.39559636609977e-07,0.001759602607295,6.04481992179212e-07,2.47107055919585e-07,9.28112662482363e-07,3.26582972159781e-07,0.0007025917990518,4.92178423537744e-07,0.0,8.42976753230076e-07,0.0,0.0021367111878135,7.00899534462529e-07,3.1230519963173e-07,4.87286096631269e-06,6.27301412055478e-07,8.82104914030055e-07,0.0014772110116575,1.5128030030955e-07,6.93201495651547e-07,1.02600758219603e-06,2.8112688466218e-05,5.25400190416664e-05
k__Bacteria;p__Bacteroidetes;c__Bacteroidia;o__Bacteroidales;f__Bacteroidaceae;g__Bacteroides;s__Bacteroides sp. HPS0048,0.0006320454518523,4.08996043255422e-06,1.83413293887248e-06,2.94457487891392e-05,5.90410087038255e-05,3.75747062760705e-06,2.03656102232648e-06,1.29063042871424e-06,0.0002015072041006,6.94108203214621e-06,0.0003492295210421,0.0002226074506196,0.0004536647523188,0.000111526927557,0.0001131750316111,3.89807318242593e-06,2.44937229119836e-06,0.0003863679942412,8.41625104249542e-05,0.0015364124006061,3.70909771421234e-05,3.52020409685102e-05,1.43299150443217e-05,5.60719627570023e-06,0.000142411171032,0.000497437890311,1.88190423616644e-05,0.0071379929643312,9.7666843745956e-06,0.0004670022870555,1.69834366434629e-05,0.0002387177641242,1.56576999052353e-05,5.4539812153979e-07
k__Bacteria;p__Actinobacteria;c__Coriobacteriia;o__Coriobacteriales;f__Coriobacteriaceae;g__Collinsella;NA,0.0004005202935447,0.0,0.000650658660065,1.52964928774749e-06,0.0001735805655892,0.0002602456830338,0.00017514424792,0.0001076754529098,0.0001587632517156,0.0001733394539919,4.6255565700943e-07,2.62543670996542e-05,0.0004404512158435,5.44033792961291e-06,0.0016976254741675,1.29935772747531e-06,0.0008458498978938,0.0003826308038207,6.71823548129021e-05,0.0001403494467662,3.45620468824331e-05,0.0003532701862875,0.0008402855002495,0.0001502728601887,0.0001547472264175,0.0008633085345317,0.0023630444192129,0.0001143796038525,0.0006934345905962,0.0002275255716655,3.11940673043196e-06,0.0004887216116527,0.0006104723678961,0.000135076934768
k__Bacteria;p__Bacteroidetes;c__Bacteroidia;o__Bacteroidales;f__Rikenellaceae;g__Alistipes;s__Alistipes indistinctus,7.29213097031829e-06,1.02249010813855e-05,2.29266617359059e-07,1.91206160968436e-07,1.18082017407651e-06,1.1435780170978e-06,1.69713418527207e-07,0.0,0.0007914900570878,0.0013724582742481,7.70926095015716e-07,4.06757800135487e-06,0.0002655920831536,1.20896398435842e-06,0.0019528870629324,1.48498025997178e-06,0.0001956232003237,0.0009478089858731,2.46089211768872e-07,0.0,0.002202136271688,6.06141652179673e-05,0.0,4.20539720677518e-07,0.0026193037093113,0.0016052016166528,1.25460282411096e-06,5.88069942686703e-07,0.0006578559546602,8.32041651702524e-06,0.0,1.19700884589537e-05,1.15653465209125e-05,5.4539812153979e-07
k__Bacteria;p__Proteobacteria;c__Deltaproteobacteria;o__Desulfovibrionales;f__Desulfovibrionaceae;g__Bilophila;s__Bilophila sp. 4_1_30,0.0003560382946257,0.0027367678094405,0.0001774523618359,0.0002158717557333,0.0002987475040413,6.97582590429657e-05,7.84075993595694e-05,0.0002273353312292,5.58288357681394e-05,0.0001463255131101,0.0003891634927639,0.0001597448815077,6.60676823765338e-06,0.0004820743887629,0.0001146576739466,1.85622532496473e-07,5.64988541836422e-05,4.51337612320539e-05,0.0001058183610606,9.95822852244731e-05,2.36033490904421e-05,0.0001645539193202,0.0001723042796895,0.0001676551686434,0.0043076256185204,0.0002862805817708,0.000713241705507,3.08736719910519e-05,0.0003432291937357,8.72887332786102e-05,3.46600747825774e-07,0.0002753120345559,0.0001094259709286,0.0001443487028341
k__Bacteria;p__Bacteroidetes;c__Bacteroidia;o__Bacteroidales;f__Bacteroidaceae;g__Bacteroides;s__Bacteroides oleiciplenus,6.59937852813805e-05,0.0003637143384664,3.43899926038589e-06,6.1377177670868e-05,0.0024643717032976,8.29910903836688e-05,1.25587929710133e-05,8.29690989887726e-05,1.94819374815903e-05,2.26992142132349e-05,0.0003001986213991,0.0004145231763198,5.41754995487577e-05,0.0010206678437946,0.0001593840510681,3.54539037068263e-05,1.07772380812728e-05,0.0004783603738225,3.12533298946467e-05,4.81986753645104e-05,0.0016735898474127,0.0001241444758416,0.000138982910972,5.84550211741749e-05,0.0023872609459849,0.0011459344705778,3.70107833112732e-05,3.96947211313525e-05,2.79048124988446e-06,0.0008804513478015,9.08093959303527e-05,2.70181996644955e-05,7.29506472857555e-06,2.61791098339099e-05
k__Bacteria;p__Bacteroidetes;c__Bacteroidia;o__Bacteroidales;f__Tannerellaceae;g__Parabacteroides;s__Parabacteroides sp. D26,0.0001821209709836,4.3236724572716e-05,3.16387931955502e-05,3.4608315135287e-05,5.5498548181596e-05,8.67485610112758e-05,3.56398178907134e-05,0.0001803195084689,0.0001448060427736,0.0022592284030577,0.0009721378058148,0.0008227600957285,4.18428655051381e-05,0.000283502054332,0.0001149047810026,9.28112662482363e-07,0.0014096953993277,0.000280864233909,1.20583713766747e-05,2.31438573336196e-05,0.0001205456757119,6.45717911256696e-05,5.59384635465089e-05,0.000256809589427,0.0008185519282347,4.62921791799706e-05,0.0001104050485217,5.76308543832969e-05,0.000620533267943,0.000287886411489,0.0006124435214081,0.0002541078778572,0.0002693836097332,0.0008897261356052
k__Bacteria;p__Bacteroidetes;c__Bacteroidia;o__Bacteroidales;f__Bacteroidaceae;g__Bacteroides;s__Bacteroides caecimuris,9.00578174834309e-05,0.0014621608546381,0.0001001895117859,0.0017971467069423,0.0011973516565135,0.0001504621933924,2.30810249197001e-05,0.0002273353312292,0.0002430880557404,0.0005532229976432,7.5396572092537e-05,0.0002333310653504,0.0001250881452995,0.0002278897110515,6.82015474338056e-05,0.0002762063283547,0.0002547347182846,0.0002210691871812,0.0001761998756265,0.0005004593737187,0.0003489923758372,6.29054223224265e-05,0.0002111504349301,0.0002087278813629,0.0001054030048757,0.0003337909761924,0.0006153826852264,0.0001537802900125,0.000114060921089,0.0001494649367058,0.0001265092729564,1.33380985685484e-05,0.000304257577704,0.0002057968911943
k__Bacteria;p__Firmicutes;c__Clostridia;o__Clostridiales;f__;g__Pseudoflavonifractor;s__Pseudoflavonifractor capillosus,0.0004453668990121,0.0001849246395576,0.0003113440663736,8.9866895655165e-05,0.0007911495166312,0.0002852410311218,3.27546897757509e-05,0.0001557975303233,0.0005152536301101,0.0002112340099512,8.66520930797665e-05,0.0001985717624297,0.000712209616019,0.0003212821788432,0.0004640670510169,9.57812267681799e-05,0.0005956873412194,0.0002687902340889,0.0002994905707227,0.0004246579327269,0.0006662326273028,5.26989134025626e-05,7.26854726946922e-05,0.0001753650635225,0.0002098690941525,0.0004535821416142,0.0010908771555644,0.0005130910249941,0.0005155414109161,5.03763400030801e-05,0.0004530071774082,4.48023310892267e-05,0.0001370048741708,5.81757996309109e-06
k__Bacteria;p__Bacteroidetes;c__Bacteroidia;o__Bacteroidales;f__Tannerellaceae;g__Parabacteroides;s__Parabacteroides johnsonii,0.0001750111432876,0.0001592163168387,0.001328141514361,0.0001133852534542,0.0001523258024558,0.000179215012108,0.0003866071674049,0.0004345737029256,0.0001663234065592,0.0003868246256833,0.0004966305904091,6.06438902020181e-05,0.0013495425253446,0.0003088902980035,0.0001149047810026,0.0008471812383139,0.0004902010412118,0.0002092826635473,0.0002785729877223,0.0003932332457051,0.0001843309167063,0.0001051895307047,0.0001776564166338,0.0004052601108262,5.59026307340796e-05,0.0002939959449675,0.000668076003839,0.0001040883798555,0.0001656848242118,0.0002748763056624,1.76766381391144e-05,2.42821794453061e-05,9.35903426153839e-05,2.92696991893021e-05
k__Bacteria;p__Bacteroidetes;c__Bacteroidia;o__Bacteroidales;f__Bacteroidaceae;g__Bacteroides;s__Bacteroides sp. 2_1_33B,0.0002069142162827,6.33943867045903e-05,1.37559970415436e-05,9.94272037035869e-06,3.18821447000658e-05,7.40058345350432e-05,0.0004490617054229,0.0001058316951545,0.0002727471247422,0.0017343325239781,0.0008985914563503,0.0005768565165557,3.08315851090491e-05,0.0003110059849762,7.83329367265086e-05,3.45257910443439e-05,0.0014372916604752,0.000172773187901,1.7226244823821e-06,1.61370014436246e-05,0.0001104299546731,2.79116774543217e-05,2.8314530930949e-05,0.0002349415239518,0.0004693947150464,6.86261252755704e-05,0.000124832980999,2.73452523349317e-05,0.0003177660523305,0.0002128513825355,0.0008779396942426,3.55682628494625e-05,0.0002583520484363,0.0012613240557476
k__Bacteria;p__Bacteroidetes;c__Bacteroidia;o__Bacteroidales;f__Bacteroidaceae;g__Bacteroides;s__Bacteroides sp. AR20,0.0002484793628135,4.52817047889931e-05,1.46730635109798e-05,3.82412321936873e-06,0.0001298902191484,0.0001321649451188,0.0001887213214022,2.21250930636727e-06,5.23395335326306e-05,0.0007774011876003,8.46476852327256e-05,7.61746425708276e-05,1.1011280396089e-05,0.0004772385328254,4.94214111839171e-07,1.16942195472778e-05,6.04178498495596e-06,8.56679034850451e-05,1.47653527061323e-06,0.0010563366076583,4.52397524233474e-05,3.35356721652671e-05,1.55384620962525e-06,0.0001312083928513,0.0018432252882264,0.0001932901516637,0.0007138690069191,0.0003910665118866,4.98798523416847e-05,0.0010199317846869,0.0024924059776151,2.63341946096982e-05,0.0002094217362325,9.99896556156281e-06
k__Bacteria;p__Firmicutes;c__Bacilli;o__Lactobacillales;f__Streptococcaceae;g__Streptococcus;NA,0.0003230414019851,3.27196834604337e-05,0.000523644954048,0.0001919709856123,7.43916709668201e-05,0.0002231610816222,5.05745987211076e-05,6.9694043150569e-05,0.0001229979038016,4.44604443680717e-05,0.0001677535182754,2.95823854643991e-05,0.0001140768649034,0.0002683900045275,0.0006533510558513,0.0001314207530075,9.22596896351382e-05,0.0002544164247794,8.78538486014873e-05,0.000103404206619,1.32066358006045e-05,8.66511777686405e-05,9.47846187871402e-05,0.0001462076428888,5.35603417368416e-05,5.64439728597887e-05,0.0009371883096108,7.32147078644946e-05,0.0003268351163927,3.72149538761492e-05,0.0001843915978433,0.0043170979033535,9.51916982875102e-05,0.0003641441458147
k__Bacteria;p__Firmicutes;c__Clostridia;o__Clostridiales;f__Lachnospiraceae;g__Blautia;s__Blautia sp. KLE 1732,0.0002209515684006,0.0002494875863858,0.000214593553848,0.0003183582580124,0.000571516964253,0.0004144653470538,7.34859102222804e-05,0.0001806882600199,9.01403077506417e-05,0.0001401348183246,0.0003563220411162,9.7252092214212e-05,0.0002792460708448,0.0006389374657334,0.0002688524768405,0.00012789392489,9.43824789541768e-05,0.0004082161843918,0.0003723329774063,0.0001613700144362,7.30579852799399e-05,0.0002003808485899,0.0002265162474475,0.0002579310286822,8.65085402979891e-05,0.0003512520613217,0.0004918043070514,0.000392242651772,0.0004450817593565,0.0006315952537923,0.0008484786306774,0.0002305097034667,0.0008010336928791,8.36277119694344e-06
k__Bacteria;p__Firmicutes;c__Clostridia;o__Clostridiales;f__Eubacteriaceae;g__Eubacterium;s__Eubacterium ventriosum,0.0004453668990121,7.44957078786661e-05,0.0008361353535084,1.54876990384433e-05,0.0003601501530933,0.0003788510602356,0.0001866847603799,0.0001880632910412,9.68281370353667e-05,7.86030640937639e-05,5.79736423451818e-05,6.69301471132029e-05,0.0017899937411882,0.0001082022766,0.0001144105668907,0.0001161997053427,5.48659393228433e-05,9.45796652569793e-05,0.0002168045955683,2.25068704345291e-05,5.1983566449188e-05,0.0001993393680879,8.14906012159019e-05,0.0003034894984222,0.0006933175431824,0.0006968191181827,0.0009710625858618,0.0004792770032896,0.0008245872093408,0.0001319164218699,0.0001979090270085,0.000241111781816,5.07095962840008e-05,8.54457057079004e-06
k__Bacteria;p__Firmicutes;c__Clostridia;o__Clostridiales;f__Lachnospiraceae;g__Roseburia;NA,0.0003939573756714,0.0004583677084769,0.0008817594103629,0.0003789706110394,0.000695503082531,0.000384405582033,0.0001758231015941,0.00026236672858,0.0002265138701217,7.05364011915399e-05,9.51322801249394e-05,0.0002407266617165,0.0004778895691902,0.0001843670076146,0.0002317864184525,0.000758268045248,0.0001149572062002,0.0001880094257691,0.0002197576661096,7.87740465208519e-05,0.0002571079097351,5.33238017037788e-05,0.0001372564151835,0.000192887551884,0.0004014683341265,0.0003053659538889,0.0010036822592887,0.0003696019589785,0.0001252228460885,0.0001366061111795,0.000395818054017,0.0001795513268843,0.000101952977792,2.65427085816031e-05
k__Bacteria;p__Bacteroidetes;c__Bacteroidia;o__Bacteroidales;f__Tannerellaceae;g__Parabacteroides;s__Parabacteroides sp. SN4,0.0003250467380019,0.0001092603715553,6.99263182945131e-05,0.00010860509943,0.0004156487012749,0.0003554893950292,2.6305579871717e-05,0.0001637256886711,0.0002704209232519,0.0007910957548529,0.0002093835274062,0.000299521652827,0.0001515152182501,0.0004222306715371,0.0004522059123328,0.0002752782156922,9.60153938149757e-05,0.0007301895129262,2.3132385906274e-05,0.0001216644977262,0.0004240173068747,5.08242484989142e-05,0.0005341777969533,0.0002423710590171,0.0001241413168536,0.0003260756129957,5.33206200247157e-05,0.0004184117642215,0.0003568327898289,0.0001385727550835,7.72919667651475e-05,0.0013379138871836,0.0001540860013401,0.0003954136381163
k__Bacteria;p__Firmicutes;c__Clostridia;o__Clostridiales;f__Ruminococcaceae;g__Angelakisella;s__Angelakisella massiliensis,0.000241734141666,0.0001685647978274,0.0001118821092712,9.80887605768078e-05,0.0009045082533426,0.0004544905776522,5.22717329063796e-05,0.0003093825513403,0.0010796482667036,0.000261697552293,0.0001145596177193,0.0003398276530222,0.00028717419273,0.0002819908493516,0.0002673698345049,7.36921454010997e-05,0.0002442840631755,0.0004815226118706,0.0001333803527787,0.0002770893011043,0.0003827114459664,6.26971262220211e-05,6.35350450157879e-05,0.0001428433251234,0.0001775455059906,0.0004418060609456,0.0012163374379755,0.0001234946879642,0.0003728780570158,0.0001574827926222,0.0002259836875824,0.0001997294760008,0.0002476763439555,5.0903824677047e-06
k__Bacteria;p__Bacteroidetes;c__Bacteroidia;o__Bacteroidales;f__Bacteroidaceae;g__Bacteroides;s__Bacteroides sp. 1_1_6,0.0003239529183563,0.0001226988129766,3.55363256906542e-05,0.0001093699240739,0.0003164598066525,0.000170883229412,0.000649323539285,0.0001270349093405,0.0001590540269019,0.0006215082370946,0.0001124010246532,0.0002277843680758,6.56272311606903e-05,0.0003161440819097,0.0001069973552131,0.0004020584053873,0.000177824428341,0.0001549496643571,0.0004281952284778,0.0008051514404503,0.0001621325288712,0.000118728777231,0.0013143812437641,3.56056963506965e-05,0.0003311996642094,0.0002546069854898,0.0002954589650781,0.0003854798474311,0.0001974265484293,0.0002627738816376,0.0005642660174603,5.16423816372003e-05,0.0003266765571137,0.0001305319504218
k__Bacteria;p__Bacteroidetes;c__Bacteroidia;o__Bacteroidales;f__Bacteroidaceae;g__Bacteroides;s__Bacteroides sp. Marseille-P3166,1.85949339743116e-05,0.0001346765542433,7.10726513813084e-05,4.58894786324247e-06,0.0001723997454151,0.0010089625476565,4.24283546318016e-06,1.43813104913873e-05,0.000485303785922,7.59767087302491e-05,7.90970173486125e-05,0.0002322217258955,0.0016754764250689,0.0001151538195101,7.41321167758756e-07,5.38305344239771e-06,4.57216161023694e-06,0.0001089534745665,0.0005473024069739,5.77534788508671e-05,8.93555358423881e-05,0.0010527284914488,7.59658146927899e-06,0.0005029655059303,2.27982795731163e-05,0.0001880112189502,0.0002327288238725,0.0015804379709705,0.0002936981515503,2.90458176594336e-05,3.15406680521454e-05,0.0002096475492953,0.000609404797448,1.9816131749279e-05
k__Bacteria;p__Firmicutes;c__Bacilli;o__Lactobacillales;f__Enterococcaceae;g__Enterococcus;s__Enterococcus faecium,0.0001819386677094,0.0003315789350677,0.0002212422857514,0.0001749536372861,0.0009529218804797,0.0003309841518057,0.000115914264854,0.000120581757197,0.0002108120100619,0.0001767161966022,0.0002544056113551,0.000134599853863,0.0003492778141639,0.0004681713029428,0.0002248674208868,0.0002593146778975,0.0003125399043569,0.0002225065681121,0.0002579014939337,0.0001983152545834,0.0001256035362312,0.0001816341995534,0.0002256529995533,0.0001334512713616,0.0002320427633263,0.0003337909761924,0.0007558982015268,0.0004448749116424,0.0004182233773264,0.0002069514508234,0.0003670501919474,0.0002325617186311,0.000431120532618,3.47236804046999e-05
k__Bacteria;p__Bacteroidetes;c__Bacteroidia;o__Bacteroidales;f__Bacteroidaceae;g__Bacteroides;s__Bacteroides sp. HMSC067B03,0.0001779279956757,0.000141395774954,0.0001886864260865,0.000629641888069,0.0001098162761891,0.0001671257587844,0.0003655627035076,0.0001202130056459,6.8913719151297e-05,9.66123580150081e-05,0.0006000888723602,0.0001567866429613,0.0007342321768112,0.0003629914363036,0.0003461969853433,0.0002309144304256,0.0005230226299138,0.0002115824730368,0.0002566710478749,0.0003652058221451,0.0008547784277752,0.0003176515531182,0.0001372564151835,0.000950559948638,0.0002534356695011,3.20796680282252e-05,5.8966332733215e-05,5.64547144979235e-05,0.0001698705460867,0.0001506751791083,0.000183005194852,4.44603285618281e-06,0.0002147595884729,0.0002572461139929
k__Bacteria;p__Firmicutes;c__Clostridia;o__Clostridiales;f__;g__Intestinimonas;s__Intestinimonas massiliensis,6.92752442180238e-05,0.0004910873919374,0.0003273927295887,1.28108127848852e-05,0.0002999283242154,0.0003742767481672,1.76501955268295e-05,0.0001961758251645,0.0002945552637141,0.0001859084403745,0.0008307499599889,0.0004348610663266,0.0006298452386562,0.0002916625612264,0.0001912608612817,8.70569677408457e-05,0.0002640423329911,0.0001609866642671,0.0001985939938974,0.0004231716299624,0.000630546611416,7.51948922463443e-05,2.6933334300171e-05,0.0001213957993689,0.0005591824599406,0.0005615972263675,0.0009302879940782,0.0002046483400549,0.0002242849304594,3.4945749371506e-05,7.17463547999351e-05,9.88387304182178e-05,2.54437623460074e-05,2.90878998154555e-06
k__Bacteria;p__Firmicutes;c__Clostridia;o__Clostridiales;f__Ruminococcaceae;g__Ruthenibacterium;s__Ruthenibacterium lactatiformans,0.0001330813902083,0.0004992673128025,0.0001054626439851,0.0004026801749995,0.0006541743764383,0.000297983757598,7.51830444075525e-05,0.0002312072225153,0.0002015072041006,7.72898864120065e-05,0.0003091413641013,0.0001837805696975,0.000210976132389,0.000118176229471,0.0005070636787469,0.0003060915560866,0.0005455568549929,0.000118727664897,7.75181017071947e-05,0.0001677398834271,0.0001567936761007,5.31155056033734e-05,0.0001432991504432,0.0001195734605793,0.0006007190514916,0.0012421734746625,0.0007998093003707,0.0001478995905857,0.0002556778445206,5.09814612043183e-05,0.0002006818329911,0.0001087568037127,3.20271134425268e-05,5.4539812153979e-06
k__Bacteria;p__Bacteroidetes;c__Bacteroidia;o__Bacteroidales;f__Bacteroidaceae;g__Bacteroides;s__Bacteroides sp. D2,7.20097933318931e-05,0.0002734430689193,0.000330143928997,0.0001956039026707,1.06273815666886e-05,0.0001957152092118,0.0002576249693243,0.0001111785926449,0.0002044149559635,0.0001275658319421,0.0021269850961483,0.0001294229364067,1.1011280396089e-05,0.000246326411813,6.00470145884593e-05,0.0012100732893445,0.0001087521297292,0.0002023832350787,0.0002337847511804,0.0003456715572397,0.0001267275052355,0.0002951555742744,0.0001869794938915,0.0003528328256484,3.90381499539662e-05,3.61403855001525e-05,8.15491835672122e-06,3.11677069623953e-05,0.0002500968820208,0.0007718320921793,0.0002124662584171,2.0178149116522e-05,0.0001743698398537,6.69021695755476e-05
k__Bacteria;p__Actinobacteria;c__Coriobacteriia;o__Eggerthellales;f__Eggerthellaceae;g__Eggerthella;s__Eggerthella lenta,8.91463011121411e-05,0.0003771527798876,0.0006981168498583,0.0008049779376771,8.38382323594322e-05,5.12976424812441e-05,0.0001011491974422,0.0003445983244667,5.23395335326306e-06,0.0003080339647779,6.32159397912887e-05,0.0002115140560704,9.68992674855829e-06,0.0002822930903476,0.00054684791475,0.0011703500673902,0.0003378500846992,3.13349042948655e-05,7.1119782201204e-05,3.67329111808824e-05,2.75372406055158e-05,0.0001882996747664,4.7651283761841e-05,2.3830584171726e-05,0.0001258589954515,0.0013826742991912,0.0001511796403053,0.0001573087096686,0.0002825362265508,7.57914304550844e-05,0.0005025710843473,2.29141693357114e-05,0.0002676043256531,0.0001387129222449
k__Bacteria;p__Firmicutes;c__Clostridia;o__Clostridiales;f__Lachnospiraceae;g__Blautia;s__Blautia sp. SF-50,0.0001967052329243,0.0001799582590323,0.0001442087023188,0.000320843938105,0.000510114315201,0.0002780528264429,4.58226230023458e-05,0.0002042883592879,0.0001107853459774,0.0001467007067334,0.0003537008923932,3.54988625572789e-05,0.0004408916670594,0.000519552272278,0.0002681111556727,0.0001254808319676,0.0001089154212152,0.000332034995051,0.0003090880499817,7.00685588999491e-05,5.59174579642617e-05,0.0001872581942644,0.0002679521463709,0.0002000367271356,1.74890911793769e-05,0.0002736923576078,0.0004428747969111,7.96834772340483e-05,0.0003310208382675,0.0005027044379286,0.0006529958089037,0.0002575279031312,0.0008385765869701,1.09079624307958e-05
k__Bacteria;p__Firmicutes;c__Bacilli;o__Lactobacillales;f__Streptococcaceae;g__Streptococcus;s__Streptococcus thermophilus,0.0008371366353925,0.0001434407551702,0.0006582244584378,7.76297013531851e-05,2.36164034815302e-05,1.66635653919965e-05,0.0001318673261956,4.20376768209781e-05,8.43248040247938e-06,1.87596811679627e-07,4.16300091308487e-06,1.36818532772846e-05,2.33439144397086e-05,2.47837616793477e-05,9.43948953612816e-05,0.0005071207587803,3.29848801881379e-05,6.12324276587738e-05,1.20583713766747e-05,2.44178311318004e-05,2.80992251076692e-06,1.35392465263501e-05,0.0003912239456678,1.73823084546707e-05,9.65023066862045e-05,1.86793003708653e-05,0.0050140201865594,8.05655821480784e-05,0.0001060382874956,1.22537043250735e-05,8.66501869564434e-06,6.84005054797355e-05,0.0001496377911398,1.50893480292675e-05
k__Bacteria;p__Proteobacteria;c__Gammaproteobacteria;o__Pasteurellales;f__Pasteurellaceae;g__Haemophilus;NA,0.0001507648078113,1.37305814521463e-05,0.0015890469249156,3.21226350426973e-05,7.43916709668201e-05,0.0002231610816222,0.0001445958325851,6.58221518644263e-05,0.0002430880557404,3.84573463943236e-05,0.00010207061498,6.2862569111848e-06,2.37843656555522e-05,0.0001949454424777,0.0001205882432887,3.91663543567557e-05,3.52709609932564e-05,7.76185702716851e-06,0.0001368256017434,5.52055312545054e-05,5.53554734621083e-05,4.52002537879687e-05,2.03726503039755e-05,2.94377804474262e-05,3.43535719594903e-06,6.37532643092577e-05,0.0027350341565618,3.82245462746357e-06,5.47631945289825e-05,1.96664390402415e-06,4.22852912347444e-05,0.0017513949428086,0.0002960728709353,9.65354675125428e-05
k__Bacteria;p__Bacteroidetes;c__Bacteroidia;o__Bacteroidales;f__Bacteroidaceae;g__Bacteroides;s__Bacteroides sp. 3_1_23,4.39350890961677e-05,0.0004805703508251,2.72827274657281e-05,0.0006862389117157,7.79341314890497e-05,0.0001913042654316,0.0002447267495162,0.000678318478177,0.0002145920874837,0.0003992060152542,0.0001329076587807,0.0002655019095429,6.69485848082209e-05,0.0003632936772997,0.0001287427761341,0.0006676842493898,3.52709609932564e-05,5.4620475376371e-05,0.0007660757162364,0.0009620625465929,0.0001225126214694,0.0001241444758416,0.0002774478732075,0.000117330582069,0.0001088383620716,4.02011029720797e-05,2.07009465978308e-05,4.05768260453825e-05,0.0001541740890561,0.0002428048819968,8.17977764868826e-05,6.463847767835e-05,0.0001514170752199,0.0001312591479172
k__Bacteria;p__Actinobacteria;c__Coriobacteriia;o__Coriobacteriales;f__Coriobacteriaceae;g__Collinsella;s__Collinsella sp. TF06-26,0.0002346243139699,2.9214003089673e-07,0.0003494023248552,1.91206160968436e-07,0.0001263477586261,0.000135432310882,0.0003947534114942,6.43471456601814e-05,0.0001052606174378,9.88635197551637e-05,4.6255565700943e-07,3.69779818304989e-07,0.0002968641194785,1.20896398435842e-06,0.0008811837614092,5.56867597489418e-07,0.0004787706371862,0.0002429173773317,7.60415664365815e-05,8.30206258481215e-05,3.87769306485835e-05,0.000310361189604,0.0004250632631219,0.0001104617666312,9.71269170854679e-05,0.0008056463464303,0.0012539755226989,5.55726095838935e-05,0.0003788078296718,0.0002170872309442,1.38640299130309e-06,0.0003926189014536,0.0003466045388113,0.0001592562514896
k__Bacteria;p__Firmicutes;c__Clostridia;o__Clostridiales;f__Lachnospiraceae;g__Anaerostipes;s__Anaerostipes hadrus,0.0001221431937528,0.0002077115619675,0.0002625102768761,0.0001214159122149,0.0009918889462242,8.31544586718256e-05,8.80812642156202e-05,4.5356440780529e-05,9.45019355450276e-05,2.49503759533904e-05,4.11674534738392e-05,0.0002115140560704,0.0001585624377036,0.0003052634060505,0.0005115116057535,0.0005733880028816,0.0002503258481604,0.0001244771886208,0.0001343647096258,6.53973216399525e-05,5.67604347174918e-05,0.0002191274976264,0.0002083880416686,0.0001281244348997,0.0001435042392307,0.0001197911654218,0.0006373382346483,0.0001922988712585,0.0006637857273162,0.000171551860551,0.0003160998820171,0.0003327684591589,0.0002656471131649,3.1996689797001e-05
k__Bacteria;p__Firmicutes;c__Clostridia;o__Clostridiales;f__Lachnospiraceae;g__Butyrivibrio;s__Butyrivibrio crossotus,0.0001135749398627,5.28773455923081e-05,0.0002622810102587,1.10899573361693e-05,0.0001960161488967,0.0002579585269996,5.51568610213421e-05,2.85782452072439e-05,4.71055801793676e-05,2.88899089986626e-05,1.15638914252357e-05,4.03060001952437e-05,0.0001863108643018,0.0001042731436509,0.0001008196788151,1.81910081846543e-05,5.69887286418818e-05,3.9096761322034e-05,8.56390456955675e-05,2.9938384257251e-05,0.0049774967355725,1.77051685344578e-05,2.84871805097962e-05,4.96236870399471e-05,2.73267049677764e-05,3.37039550169961e-05,0.0002634665930633,0.0003131472444806,0.0001105728195266,1.90613178390033e-05,8.38773809738372e-05,5.88244347125725e-05,1.72590555773617e-05,6.90837620617067e-06
k__Bacteria;p__Actinobacteria;c__Actinobacteria;o__Micrococcales;f__Cellulomonadaceae;g__Cellulomonas;s__Cellulomonas carbonis,3.64606548515915e-07,0.0,0.0001591110324471,2.21799146723386e-05,0.0013638473010583,3.26736576313657e-07,0.0,9.77191610312211e-06,4.94317816697067e-06,2.66387472585071e-05,6.16740876012573e-07,7.13675049328628e-05,0.0002876146439458,1.11829168553154e-05,0.0,5.56867597489418e-07,4.9314028796127e-05,1.3511380750997e-05,1.23044605884436e-06,2.12328966363482e-06,3.84959383975068e-05,0.0011014697789436,8.63247894236249e-07,2.80359813785012e-07,7.65147739097738e-06,3.2485739775418e-06,1.25460282411096e-06,0.0011155686812766,0.00099515537574,8.62297711764434e-06,0.0,0.002414879845962,3.91442497630883e-06,1.63619436461937e-06
k__Bacteria;p__Firmicutes;c__Clostridia;o__Clostridiales;f__Ruminococcaceae;g__Ruminococcus;s__Ruminococcus sp. JC304,0.0001445664964865,0.0001151031721733,0.000196710757694,5.71706421295624e-05,0.0003471611311784,8.90357170454714e-05,6.92430747591003e-05,6.06596301495693e-05,0.0003416608438935,0.0001630216293495,9.08150939928514e-05,0.0002041184597043,0.0004787704716219,0.0002892446332577,0.0001282485620222,0.0004634994636436,0.0001358585164184,0.0001819724258591,0.000264053724228,0.0001310069722462,0.0001115539236774,0.0001270606212472,0.0001193008589834,8.15847058114384e-05,7.49532479116151e-05,0.0007885913330482,0.0007113598012709,0.0001323157371045,0.0006414618773171,0.0001760902695603,0.0002453933294606,8.65266394318654e-05,0.0001037322618721,7.38105457817182e-05
k__Bacteria;p__Bacteroidetes;c__Bacteroidia;o__Bacteroidales;f__Bacteroidaceae;g__Bacteroides;s__Bacteroides mediterraneensis,8.38595061586604e-05,9.34848098869535e-06,2.52193279094965e-05,2.39007701210545e-05,0.000171218925241,0.000101124970369,0.0001218542345025,3.09751302891418e-05,0.0017606437530004,9.98015038135618e-05,5.08811222710373e-06,8.13515600270975e-06,0.0014711070609174,2.65972076558853e-05,0.0001149047810026,0.000129007660085,1.25734444281516e-05,0.000495608944994,0.0002436283196511,1.91096069727134e-05,0.0004414388264414,0.000288281802961,3.2458120823283e-05,2.94377804474262e-05,2.12367535749576e-05,2.23339460955998e-05,7.65307722707684e-05,6.11592740394172e-05,0.0003896209445151,0.0009618401493681,1.42106306608567e-05,1.29960960411497e-05,2.65113327940916e-05,7.79919313801899e-05
k__Bacteria;p__Bacteroidetes;c__Bacteroidia;o__Bacteroidales;f__Bacteroidaceae;g__Bacteroides;s__Bacteroides sp. Marseille-P3208T,1.49488684891525e-05,3.09668432750533e-05,1.35267304241845e-05,6.46276824073315e-05,0.0005620704028604,0.0002695576754587,0.0001340736006364,1.77000744509382e-05,0.000525139986444,4.95255582834216e-05,0.0003077536971302,0.0011862536571224,0.0002625089246427,0.0002327255669889,2.29809562005214e-05,3.7310129031791e-05,0.0002121156404177,0.0002900634718671,0.0007259631747181,9.97946141908366e-06,0.0004133396013338,0.000441379436759,0.000366189756735,5.36889043398297e-05,6.60525497221108e-05,9.94875780622175e-05,5.45752228488266e-05,5.05740150710565e-05,2.26726601553112e-05,0.0003952954247088,1.24776269217278e-05,4.44603285618281e-06,5.42681644442815e-05,0.000393413845004
k__Bacteria;p__Firmicutes;c__Clostridia;o__Clostridiales;f__;g__;s__[Bacteroides] pectinophilus,0.0001744642334648,0.0001291258936563,0.0004754989644026,5.75530544514993e-05,0.00037077753466,0.0002837707165284,0.0001350918811476,7.63315710696708e-05,0.0002582083654276,5.36526881403734e-05,7.35463494644993e-05,0.0001456932484121,0.0004483793377287,0.0002517667497426,0.0001670443698016,0.0004809479816983,0.0001180597444357,7.30189512926223e-05,0.000143716099673,0.0001208151818608,0.0001191407144565,0.0001276855095485,6.95777802754417e-05,9.5041976873119e-05,8.93192870946747e-05,0.0003719617204285,0.0008575210302798,0.000362251084695,0.0006355321046611,6.86812563405356e-05,0.0001615159484868,0.0001217528997539,0.000152840502484,1.43621505338811e-05
k__Bacteria;p__Bacteroidetes;c__Bacteroidia;o__Bacteroidales;f__Bacteroidaceae;g__Bacteroides;s__Bacteroides fluxus,0.0001277945952548,2.97982831514664e-05,0.0001093601764802,0.0015460930175907,4.48711666149074e-05,3.65944965471295e-05,0.0005164379325782,5.97377512719163e-05,0.0001186362760072,0.0001193115722282,0.0002399122007688,0.0002351799644419,4.31642191526688e-05,6.19594041983692e-05,0.0001092213187164,2.98852277319321e-05,1.6492440094069e-05,0.0001356887598823,0.0002182811308389,0.0004114935368124,2.24793800861354e-05,0.000295988758676,0.0003767213810446,0.0001083590680279,0.0007025305465715,8.16204211857376e-05,0.0009572619547966,0.0001067346945976,9.7666843745956e-05,5.91505974210339e-05,7.59055637738444e-05,8.20806065756826e-06,6.42321552930677e-05,6.3084382724769e-05
k__Bacteria;p__Firmicutes;c__Clostridia;o__Clostridiales;f__Lachnospiraceae;g__Lachnoclostridium;s__[Clostridium] symbiosum,0.0002802001325344,7.42035678477693e-05,0.000121969840435,0.0002376692580837,0.0005526238414678,0.0002234878181985,8.58749897747665e-05,6.89565400484466e-05,0.0001802806155012,0.0001767161966022,3.34581925236821e-05,7.09977251145578e-05,0.0003307788630985,0.0001338927612676,0.0001334378101965,0.0002648833538724,0.0003110702809821,0.0002334306631874,0.000105326182637,8.38699417135754e-05,7.47439387864001e-05,2.95780462575648e-05,0.0001120495766718,3.86896543023316e-05,0.0003799192753519,0.0002789712903214,0.0005419884200159,0.0010802844847154,0.0002420742484274,9.1070740786349e-05,0.0001715673701737,0.000200755483583,4.50158872275516e-05,7.47195426509512e-05
k__Bacteria;p__Firmicutes;c__Clostridia;o__Clostridiales;f__Clostridiaceae;g__Butyricicoccus;s__Butyricicoccus pullicaecorum,0.0001020898335844,5.60908859321721e-05,2.2926661735906e-05,3.53731397791607e-05,0.0001629531840225,8.78921390283736e-05,4.87077511173083e-05,0.000268266753397,8.92679821917645e-05,3.78945559592847e-05,3.74670082177638e-05,0.0007221799851496,0.00036028909456,3.95935704877384e-05,0.0001121866033874,2.22747038995767e-05,4.86608628518074e-05,0.0006729817518741,5.80770539774538e-05,8.15343230835771e-05,0.0001163307919457,7.62363727483712e-05,1.50205133597107e-05,0.0002088680612698,2.51405685703542e-05,0.0001189790219274,0.0002703669085959,8.85045263743489e-05,0.0025951475623925,4.20559234860548e-05,7.13997540521093e-05,2.32561718631101e-05,4.99978826519446e-05,2.90878998154555e-06
k__Bacteria;p__Bacteroidetes;c__Bacteroidia;o__Bacteroidales;f__Bacteroidaceae;g__Bacteroides;s__Bacteroides gallinarum,1.56780815861843e-05,7.30350077241824e-06,0.001316678183493,5.37289312321306e-05,3.07013245259893e-05,0.0001591207126647,0.0010120011146777,4.5356440780529e-05,0.000271584023997,6.73472553929862e-05,0.0003654189690374,0.000181931670606,8.36857310102762e-05,0.0001293591463263,0.0001111981751638,0.0001757845382741,0.0001685168136344,0.0002299809489531,0.0002025314212857,0.000124424774289,0.0001244795672269,3.62435214705371e-05,0.0001880153913646,9.84062946385391e-05,0.0001338227780421,0.0002948080884619,0.0001166780626423,1.41136786244809e-05,0.0003320672687362,0.0003063426081268,3.11940673043196e-06,9.91807329456165e-06,0.0001681423455732,0.0001145336055233
k__Bacteria;p__Bacteroidetes;c__Bacteroidia;o__Bacteroidales;f__Bacteroidaceae;g__Bacteroides;s__Bacteroides sp. Marseille-P2653,8.24010799645967e-05,1.60677016993201e-05,1.81120627713657e-05,0.0002522009263173,2.12547631333772e-05,0.0001176251674729,3.98826533538935e-05,6.67440307420793e-05,9.79912377805363e-05,0.0006978601394482,0.0001776213722916,0.0001379278722277,0.0003065540462271,0.0002321210849968,1.45793162992555e-05,3.32264333168686e-05,0.0003437285781981,0.0010650992698392,3.51907572829487e-05,0.0001085001018117,6.01323417304121e-05,0.0001468487507857,3.02136762982687e-05,6.58845562394777e-05,3.88819973541503e-05,0.0001400947527814,3.70107833112732e-05,2.35227977074681e-05,0.0005441438437274,0.0001800235573683,0.0001556237357737,0.0012035068939159,0.0001797076920941,1.09079624307958e-05
k__Bacteria;p__Bacteroidetes;c__Bacteroidia;o__Bacteroidales;f__Prevotellaceae;g__Prevotella;s__Prevotella bivia,1.82303274257957e-07,1.66519817611136e-05,6.57995191820501e-05,5.92739099002152e-06,0.0001192628375817,3.26736576313657e-07,0.0,4.31439314741618e-05,5.49565102092622e-05,2.77643281285849e-05,1.03304096732106e-05,1.81192110969444e-05,0.000534707776034,9.06722988268818e-07,0.0,1.13229744822848e-05,4.89874458239672e-07,1.3511380750997e-05,1.7226244823821e-06,4.24657932726964e-07,0.0027902530531915,0.0006598820460842,5.87008568080649e-05,6.16791590327026e-06,1.65521755804817e-05,6.09107620789087e-06,1.81917409496089e-05,0.00037430651852,0.000318463672643,1.39177876284786e-05,2.5995056086933e-05,0.0014141804507935,3.68311804589058e-05,4.90858309385811e-06
k__Bacteria;p__Firmicutes;c__Clostridia;o__Clostridiales;f__Ruminococcaceae;g__Anaeromassilibacillus;s__Anaeromassilibacillus sp. Marseille-P3371,5.9613170682352e-05,7.65406880949432e-05,0.0001366429039459,2.2371120833307e-05,0.0001747613857633,0.0001006348655046,8.94389715638379e-05,8.64722387238541e-05,0.0001433521668421,9.4173599463173e-05,3.50000447137135e-05,0.0002203887717097,0.0004589501669089,6.52840551553549e-05,0.0001000783576474,1.50354251322143e-05,0.0001565965351506,0.0001946213780515,0.0001424856536141,0.0003652058221451,8.23307295654708e-05,5.24906173021572e-05,0.0001156752178276,0.0001125644652346,0.0011339801798628,0.0003618099267487,0.0005018411296443,0.0002087648296537,0.0006840167163779,0.0001068038920185,0.0002353419077737,3.62522679042598e-05,0.0002215208679774,4.54498434616492e-06
k__Bacteria;p__Firmicutes;c__Clostridia;o__Clostridiales;f__Peptostreptococcaceae;g__Clostridioides;s__Clostridioides difficile,0.0001755580531104,0.0001685647978274,0.0002097789548835,0.0001126204288104,0.0003129173461302,0.0001507889299687,8.2141294567168e-05,7.89128319270993e-05,0.0001087499196733,0.0001223131212151,0.000150330588528,0.0001497608264135,0.0001590028889195,0.0002272852290593,0.0002043575352454,0.0003550959046657,0.000357771646001,8.04933321335994e-05,0.0001191071784961,9.00274817381164e-05,0.0001126778926817,0.0001053978268051,0.0001933675283089,0.0001240592175998,0.0003177705406252,0.000870211754234,0.0004202919460771,0.0001787732625767,0.0002396325773338,0.0001331266642724,0.0002713883855475,4.06983007604426e-05,0.0001049777607282,3.39964829093136e-05
k__Bacteria;p__Firmicutes;c__Clostridia;o__Clostridiales;f__Lachnospiraceae;g__Tyzzerella;s__Tyzzerella nexilis,0.0001513117176341,8.29677687746712e-05,0.0002510469460081,4.30213862178982e-05,0.0006766099597458,0.0002950431284112,4.27677814688561e-05,0.0003331670263838,0.0002302939475435,0.0001086185539625,7.74009799395779e-05,0.0001305322758616,0.0001951198886186,0.0001151538195101,0.0002648987639457,8.57576100133704e-05,0.0003463412419754,0.0001379885693718,9.52365249545535e-05,7.30411644290379e-05,0.0001244795672269,0.0001268523251468,8.20085499524437e-05,0.0001054152899831,0.0001316366416447,0.0005307357735808,0.0006411020431206,0.00027580480312,0.0001632431531182,9.31886649906826e-05,0.000373982206904,3.93302906508479e-05,5.14213099160569e-05,7.83555301278831e-05
k__Bacteria;p__Firmicutes;c__Clostridia;o__Clostridiales;f__Lachnospiraceae;g__Lachnoclostridium;NA,0.0001786572087727,0.0001653512574875,0.0002716809415704,0.000126769684722,0.0002715886400375,0.0001241598989991,8.01047335448415e-05,0.0001181848721151,8.54879047699634e-05,9.58619707682896e-05,0.0002096918978442,0.0005206499841734,0.0001616455962145,0.0001230120854084,0.0001806352578772,0.0003582514877181,0.0003042120385668,6.23823324035395e-05,0.0001045879150017,0.0001870618193662,6.6595163505176e-05,4.76998069928334e-05,8.92598322640282e-05,0.0001565809559989,0.0005671462425312,0.0003545006352992,0.0003368608582737,0.0001731865981212,0.0003041624562374,8.21452030680855e-05,0.0002013750344867,8.03705939386892e-05,0.0001368269457627,0.0002119780699051
k__Bacteria;p__Firmicutes;c__Clostridia;o__Clostridiales;f__Ruminococcaceae;g__;s__Ruminococcaceae bacterium cv2,5.92485641338361e-05,0.00034209597618,4.97508559669159e-05,0.0002776313457261,0.0004345418240601,0.0001873834265158,2.85118543125707e-05,9.4953524398262e-05,0.00013724588793,4.50232348031106e-05,0.0002231060118975,0.0004019506624975,4.80091825269479e-05,7.43512850380431e-05,0.0002994937517745,0.0002262738671132,0.0001226319060459,5.89326181692424e-05,2.46089211768872e-05,0.0001352535515735,8.76695823359279e-05,1.97881295385117e-05,9.56478666813764e-05,8.92946006905262e-05,0.0004245789188993,0.001182074856078,0.0005488887355485,0.0003240265384203,0.0002274242218655,1.78510754365269e-05,0.0001542373327824,5.64304170207818e-05,1.63694135372915e-05,1.45439499077277e-06
k__Bacteria;p__Firmicutes;c__Clostridia;o__Clostridiales;f__Ruminococcaceae;g__Negativibacillus;s__Negativibacillus massiliensis,4.57581218387473e-05,5.69673060248623e-05,2.01754623275972e-05,4.56982724714563e-05,6.14026490519785e-05,4.9500591311519e-05,6.78853674108826e-06,2.28625961657951e-05,0.0001000266640845,5.70294307506067e-05,1.35682992722766e-05,8.39400187552324e-05,0.0001374207793431,7.2840080057595e-05,0.0015589984157966,1.65204053921861e-05,1.48595252332701e-05,0.0002167570443883,3.29759543770289e-05,0.0004030003781578,6.51902022497926e-05,1.7288576333647e-05,2.57247872482402e-05,0.0002095689608042,0.0014419131066997,0.0005896161769238,0.0002107732744506,3.85185812459791e-05,0.0001416169234316,2.02715602414797e-05,0.0003802210203648,1.74421288973326e-05,4.80406701637902e-06,9.08996869232983e-07
k__Bacteria;p__Firmicutes;c__Clostridia;o__Clostridiales;f__;g__Pseudoflavonifractor;s__Pseudoflavonifractor sp. Marseille-P3106,0.0005580303225036,0.0001051704111228,0.0001313697717467,3.5946758262066e-05,0.0004380842845823,0.0001445809350187,6.21151111809576e-05,8.20472201111196e-05,0.0001514938720583,0.0001375084629611,4.05507125978267e-05,0.0001349696336813,0.0002065716202306,9.58103957604051e-05,0.0002854086495871,0.0002153221376959,0.0001415737184312,0.000549654467998,8.24398859425721e-05,0.0001541508295798,7.30579852799399e-05,3.24941916632402e-05,3.05589754559632e-05,6.50434767981227e-05,0.0009697076448565,0.0002448612635572,0.0003080049933192,0.0002087648296537,0.0001956824976481,0.0001164858312383,7.83317690086248e-05,3.89882881234492e-05,4.03897486191866e-05,5.81757996309109e-06
k__Bacteria;p__Bacteroidetes;c__Bacteroidia;o__Bacteroidales;f__Tannerellaceae;g__Tannerella;s__Tannerella sp. 6_1_58FAA_CT1,1.11204997297354e-05,1.81126819155972e-05,8.25359822492614e-06,0.000187382037749,3.54246052222953e-05,9.26298193849217e-05,0.000162246028112,0.0009609665420655,0.0003338099138636,1.93224716030016e-05,4.39427874158958e-05,3.51290827389739e-05,0.0004078578258711,1.29963628318531e-05,0.0002804665084687,1.65204053921861e-05,4.62114905606091e-05,0.0002685027579027,0.000776165373919,2.48424890645274e-05,0.0004880835401202,0.0001222698109379,2.60700864059347e-05,0.0002872286292227,8.27608779024084e-05,7.47172014834613e-05,0.00043032876867,2.05824479940346e-06,5.8251296091338e-05,0.0005505090128264,1.14378246782505e-05,3.76202780138545e-06,7.68650722620644e-05,2.14523261138984e-05
k__Bacteria;p__Firmicutes;c__Clostridia;o__Clostridiales;f__Ruminococcaceae;g__Subdoligranulum;s__Subdoligranulum variabile,0.0002019920278778,0.0001168560123586,0.0001400819032063,3.67115829059398e-05,0.0002668653593412,0.0001819922730067,6.80550808294098e-05,9.99316703375884e-05,0.0003323560379322,0.0001588944994926,6.84582372373956e-05,0.0002333310653504,0.0002382841077713,0.0002405838328873,0.0002698409050641,1.05804843522989e-05,0.0002501625566743,0.0003081744715972,0.0001370716909552,0.0001730481075862,0.0001480829163174,6.14473496195888e-05,0.0001101504313045,0.0001260217362963,3.27920459613316e-05,0.0001266943851241,0.0007546435987027,0.0001967093958287,0.0001883574843672,0.0001576340729225,0.0003781414158779,0.0001238049149183,3.57636100108216e-05,2.36339186000576e-06
k__Bacteria;p__Bacteroidetes;NA;NA;NA;NA;NA,0.0001008137106646,0.0002787015894754,9.37700464998553e-05,0.0003988560517801,0.000139336780541,0.0002079678308236,0.0001079377341833,0.0001039879373992,0.000139281314234,0.0001956634745818,0.0002252646049635,0.0001386674318643,0.0002277132785911,0.0001341950022637,0.0001492526617754,0.0001629765835319,0.000173742141189,0.0001753604735767,0.00014051693992,0.0001182672342644,0.0002866120960982,0.0002451645101771,8.54615415293887e-05,9.02758600387738e-05,7.60463161103262e-05,0.0001754229947872,0.0004591846336246,0.0001290813524197,0.0002337028046778,0.0001455316488977,9.70482093912166e-05,0.0001569791600759,0.0001140521095369,0.0001983431168666
k__Bacteria;p__Bacteroidetes;c__Bacteroidia;o__Bacteroidales;f__Prevotellaceae;NA;NA,2.60693682188879e-05,1.75284018538038e-06,8.66627813617245e-05,2.37095639600861e-05,8.73806928816617e-05,1.11090435946643e-05,2.52872993605538e-05,3.81657855348354e-05,9.88635633394134e-06,2.43875855183516e-05,2.62114872305343e-06,6.13834498386281e-05,0.0001281713038104,2.50860026754373e-05,2.22396350327627e-05,7.98176889734833e-05,1.30633188863913e-05,2.29980948953141e-05,2.16558506356607e-05,1.48630276454437e-06,8.09257683100873e-05,0.0004686662259121,8.63247894236249e-06,7.2893551584103e-06,6.87071439189805e-06,3.12675245338398e-05,5.64571270849931e-06,0.001068817120833,0.0009784124882407,1.5128030030955e-06,0.0,0.0025226106420926,8.71849199268785e-06,2.18159248615916e-06
k__Bacteria;p__Bacteroidetes;c__Bacteroidia;o__Bacteroidales;f__Prevotellaceae;g__Prevotella;s__Prevotella ihumii,3.64606548515915e-07,8.76420092690189e-07,2.06339955623154e-06,1.72085544871593e-06,0.0008986041524722,2.77726089866608e-06,5.0914025558162e-07,3.87189128614272e-06,2.2971239717099e-05,4.50232348031106e-06,1.38766697102829e-06,1.14631743674546e-05,0.0019093560206818,0.0,9.88428223678342e-07,2.0418478574612e-06,9.79748916479344e-07,5.74952372382853e-07,1.7226244823821e-06,3.33356477190667e-05,6.60331790030226e-05,0.0004340890732448,3.452991576945e-07,1.12143925514005e-06,3.1230519963173e-07,1.78671568764799e-05,2.50920564822191e-06,8.99747012310656e-05,0.0014273311593159,2.1179242043337e-06,4.15920897390928e-06,0.0008467982578391,4.98199542439306e-06,9.45356744002302e-06
k__Bacteria;p__Firmicutes;c__Clostridia;o__Clostridiales;f__Lachnospiraceae;g__Lachnoclostridium;s__[Clostridium] asparagiforme,6.50822689100908e-05,0.0005699652002795,0.0005069084909808,2.2371120833307e-05,9.68272542742738e-05,0.0001864032167869,3.32638300313325e-05,0.000151188135935,0.0001509123216857,0.0001191239754165,4.33260465398832e-05,0.0003161617446507,0.0001541579255452,3.838460650338e-05,0.0001361559878116,3.21126981218898e-05,3.57608354514961e-05,0.0002414799964007,4.92178423537744e-05,0.0001337672488089,5.1140589695958e-05,2.56204203498625e-05,0.0001082512859372,0.0001244797573205,0.0006302318928568,0.0007244319969918,0.0002082640688024,9.55613656865893e-05,0.0001370823914005,2.96509388606718e-05,0.0002772805982606,0.0001686072460075,3.59415384188356e-05,1.99979311231256e-06
k__Bacteria;p__Bacteroidetes;c__Bacteroidia;o__Bacteroidales;f__Bacteroidaceae;g__Bacteroides;s__Bacteroides salanitronis,0.000103912866327,0.0001226988129766,0.0017339434270865,1.0516338853264e-05,5.43177280075195e-05,1.48665142222714e-05,2.74935738014075e-05,6.54534003133651e-05,0.0001677772824907,5.55286562571697e-05,5.36564562130938e-05,2.99521652827041e-05,0.0003149226193281,4.05002934760072e-05,5.93056934207005e-06,3.71245064992945e-07,0.0004624414885782,0.0001080910460079,0.0005212169505264,8.49315865453929e-07,0.0001553887148454,0.0002849490653545,2.24444452501425e-05,7.56971497219532e-05,3.90381499539662e-06,5.44136141238251e-05,9.53498146324327e-05,3.82245462746357e-06,0.00018068366093,1.90613178390033e-05,3.46600747825774e-07,4.89063614180109e-05,0.000836619374482,2.05433292446654e-05
k__Bacteria;p__Firmicutes;c__Clostridia;o__Clostridiales;f__Ruminococcaceae;g__Provencibacterium;s__Provencibacterium massiliense,2.86216140584993e-05,3.12589833059501e-05,3.94338581857582e-05,2.50480070868652e-05,0.0010792696391059,5.55452179733216e-05,3.90340862612575e-06,0.0011158421935112,0.0011046549327248,3.22666516088959e-05,1.00220392352043e-05,0.0009943379314221,7.61980603409357e-05,4.26159804486344e-05,0.000125777491463,1.44785575347249e-05,2.12278931903858e-05,4.25464755563311e-05,1.23044605884436e-05,3.92808587772442e-05,7.50249310374768e-05,1.24977660243232e-05,6.90598315388999e-06,4.52781099262794e-05,1.31168183845326e-05,7.71536319666176e-06,0.0004096278220722,8.23297919761385e-05,6.52274992160492e-05,5.44609081114379e-06,3.43134740347516e-05,2.25721668083127e-05,1.3878415825095e-05,4.72678372001151e-06
k__Bacteria;p__Proteobacteria;c__Deltaproteobacteria;o__Desulfovibrionales;f__Desulfovibrionaceae;g__Desulfovibrio;s__Desulfovibrio piger,7.65673751883421e-06,1.43148615139398e-05,1.76535295366476e-05,3.26962535256026e-05,0.0025186894313052,1.63368288156828e-07,0.0,8.48128567440787e-06,0.0,0.0,1.88105967183835e-05,3.69779818304989e-07,0.0019798282152168,2.41792796871685e-06,4.94214111839171e-07,0.0,0.0,8.62428558574279e-07,4.92178423537744e-07,1.08287772845376e-05,1.68595350646015e-06,4.16592200810772e-07,0.0,1.40179906892506e-07,1.37414287837961e-05,0.0,0.0,0.0,0.0008790015937136,3.02560600619099e-07,0.0,0.0,9.43020562474401e-06,0.0
k__Bacteria;p__Bacteroidetes;c__Bacteroidia;o__Bacteroidales;f__Rikenellaceae;g__Alistipes;s__Alistipes sp. CHKCI003,0.0001956114132787,0.0008790493529682,4.58533234718119e-07,3.82412321936873e-07,3.66054253963718e-05,0.000627170858234,1.79896223638839e-05,0.0003781547156132,0.0002044149559635,6.71596585813066e-05,1.86564114993803e-05,8.06120003904875e-05,0.0002541403515417,0.0012101729483427,5.21395887990325e-05,3.71245064992945e-07,9.79748916479344e-07,0.0004056288987161,0.000199086172321,0.000160096040638,0.0003175212437166,2.70784930527002e-05,3.05589754559632e-05,1.54197897581756e-05,3.700816615636e-05,4.14193182136579e-05,0.0001800355052599,5.29262948418033e-06,2.26726601553112e-05,1.42203482290977e-05,2.25290486086753e-05,3.42002527398677e-07,8.36263517665978e-06,4.90858309385811e-06
k__Bacteria;p__Bacteroidetes;c__Bacteroidia;o__Bacteroidales;f__Rikenellaceae;g__Alistipes;s__Alistipes sp. Marseille-P2431,7.14628835091193e-05,0.000463918369064,1.60486632151342e-06,0.0,5.90410087038255e-05,0.0003945344158987,0.0003857586003123,3.55845246774069e-05,0.0001325934849493,6.32201255360344e-05,1.63436332143332e-05,0.0011204328494641,7.04721945349694e-05,0.0001233143264045,0.0004588778028426,2.41309292245415e-06,4.89874458239672e-07,0.000488134564153,2.3132385906274e-05,0.0001891851090298,0.0006153730298579,0.0001085222683112,1.3121367992391e-05,1.79430280822407e-05,4.70019325445753e-05,0.0001047665107757,4.26564960197725e-05,1.38196436531375e-05,4.29036492169735e-05,3.73662341764588e-05,0.0001715673701737,2.73602021918942e-06,6.65452245972501e-05,3.63598747693193e-07
k__Bacteria;p__Proteobacteria;c__Epsilonproteobacteria;o__Campylobacterales;f__Campylobacteraceae;g__Campylobacter;NA,0.000573161494267,5.60908859321721e-05,0.0002097789548835,1.52964928774749e-05,0.000448711666149,5.58719545496353e-05,3.13969824275332e-05,5.64189873123654e-05,8.72325558877178e-06,3.84573463943236e-05,4.27093056638707e-05,3.58686423755839e-05,0.0001338971696164,0.0002508600267543,1.48264233551751e-05,0.0006129256023033,0.000893367720343,8.04933321335994e-06,0.0002305855914274,5.86027947163211e-05,2.07934265796752e-05,3.16610072616187e-05,3.60837619790752e-05,9.6443775942044e-05,3.63835557570965e-05,0.0005084018274852,0.000396454492419,6.61578685522541e-05,0.0001621967226495,1.36152270278595e-05,0.0001278956759477,1.81261339521299e-05,4.99978826519446e-05,8.72636994463664e-06
k__Bacteria;p__Firmicutes;c__Clostridia;o__Clostridiales;f__Lachnospiraceae;g__Tyzzerella;s__[Clostridium] lactatifermentans,6.28946296189953e-05,5.87201462102427e-05,1.76535295366476e-05,2.52392132478336e-05,0.0002999283242154,0.0001581405029358,6.27939648550664e-06,0.0001460256142202,7.53107732497296e-05,4.59612188615087e-05,0.0005279301898667,3.77175414671088e-05,4.53664752318866e-05,5.50078612883083e-05,9.538332358496e-05,0.0001575935300895,0.0023068188238506,9.08424748364907e-05,4.40499689066281e-05,3.54589373827015e-05,0.0001216696447162,1.33309504259447e-05,3.7982907346395e-05,3.14002991439213e-05,8.33854883016718e-05,2.68007353147198e-05,0.0002308469196364,3.29319167904554e-05,7.81334749967648e-05,4.84096960990559e-06,4.85241046956083e-05,1.88101390069273e-05,9.50137698794962e-05,3.99958622462513e-06
k__Bacteria;p__Firmicutes;c__Clostridia;o__Clostridiales;f__Lachnospiraceae;g__Eisenbergiella;s__Eisenbergiella tayi,8.03957439477592e-05,0.0006424159279419,8.96432473873923e-05,1.14723696581062e-05,0.0002125476313337,0.000179215012108,3.59792447277678e-05,3.9272040188019e-05,0.0001192178263798,0.0001510154334021,0.0002655069471234,0.0001811921109694,0.0001008633284281,4.92652823626058e-05,0.0001532063746701,1.54066701972072e-05,0.000190234581283,0.0003625074707873,3.61751141300242e-05,0.0001065891411144,3.82149461464301e-05,7.16538585394527e-05,3.97094031348675e-05,7.55569698150606e-05,0.000120393654458,0.0008897031980992,0.000215164384335,6.26294488961339e-05,0.0001876598640547,2.76842949566476e-05,0.000264456370591,3.59102653768611e-05,9.96399084878612e-06,4.21774547324104e-05
k__Bacteria;p__Actinobacteria;c__Coriobacteriia;o__Eggerthellales;f__Eggerthellaceae;g__Gordonibacter;s__Gordonibacter pamelaeae,0.0001500355947142,0.0001294180336872,0.000116238175001,0.0003260065044511,0.0001499641621077,7.1391941924534e-05,3.73369520759854e-06,5.60502357613042e-05,0.000118345500821,2.2136423778196e-05,5.72027162501661e-05,0.0001305322758616,1.40944389069939e-05,0.000414976887631,7.41321167758756e-06,1.24367096772637e-05,6.80925496953144e-05,2.27106187091227e-05,1.3534906647288e-05,0.000101068587989,6.82811170116362e-05,0.0001524727454967,1.08769234673767e-05,8.06034464631909e-05,3.79450817552552e-05,0.0014642947203769,0.0001405155163004,1.47017485671676e-06,0.0002689326304576,0.0001415983610897,0.000632546364782,6.53224827331474e-05,3.78987509069901e-05,1.39985517861879e-05
k__Bacteria;p__Firmicutes;c__Negativicutes;o__Acidaminococcales;f__Acidaminococcaceae;g__Acidaminococcus;NA,0.0011388485542894,1.86969619773907e-05,3.89753249510401e-06,6.11859715098996e-06,1.29890219148416e-05,0.0,0.0014126944958204,2.21250930636727e-06,2.61697667663153e-06,0.0,1.88105967183835e-05,1.47911927321995e-06,1.32135364753068e-06,3.92913294916488e-06,0.0,1.11373519497884e-06,9.79748916479344e-07,3.44971423429712e-06,2.46089211768872e-07,0.0003539523869279,0.0,2.29125710445924e-06,0.0017498034816168,6.02773599637775e-06,5.15303579392354e-06,1.94914438652508e-05,2.63466593063301e-05,0.0,5.61584351539247e-05,1.36152270278595e-06,1.38640299130309e-06,1.36801010959471e-06,8.89642040070189e-07,7.27197495386386e-07
k__Bacteria;p__Firmicutes;c__Clostridia;o__Clostridiales;f__Lachnospiraceae;g__Blautia;s__Blautia sp. Marseille-P3087,8.45887192556922e-05,0.0001107210717098,8.29945154839795e-05,4.30213862178982e-05,0.0007580865517571,8.5604982994178e-05,4.48043424911825e-05,5.08877140464472e-05,0.0001494584457542,0.000178592164719,6.62996441713516e-05,4.91807158345635e-05,0.0005140065688894,7.61647310145807e-05,7.58618661673127e-05,6.01417005288572e-05,9.43824789541768e-05,8.82551891607679e-05,0.0001188610892843,9.42740610653861e-05,6.18182952368723e-05,6.72796404309396e-05,3.55658132425335e-05,0.0001398995470787,3.62274031572806e-05,0.0002111573085402,0.0005582982567293,0.0002593388447248,0.000155569329681,0.0001943951858977,0.0002065740457041,5.50624069111871e-05,4.19911042913129e-05,4.72678372001151e-06
k__Bacteria;p__Firmicutes;c__Erysipelotrichia;o__Erysipelotrichales;f__Erysipelotrichaceae;g__Holdemania;s__Holdemania filiformis,0.0001542285700222,0.0001034175709374,7.90969829888755e-05,1.10899573361693e-05,0.0002314407541189,6.68176298561428e-05,1.76501955268295e-05,0.0001395724620766,0.0001052606174378,0.0005384028495205,0.0008511024088973,4.17851194684637e-05,0.0002457717784407,7.61647310145807e-05,0.0001299783114137,1.00236167548095e-05,0.0002315473272612,0.0001368386646271,8.49007780602608e-05,0.0001159316156344,3.73719693932e-05,7.31119312422904e-05,7.06136777485252e-05,0.0001410209863338,5.91818353302128e-05,0.0002671952096528,0.0001292240908834,0.0001405487163021,0.000155569329681,3.16175827646959e-05,8.94229929390496e-05,5.06163740550043e-05,3.06036861784145e-05,5.4539812153979e-06
k__Bacteria;p__Firmicutes;c__Clostridia;o__Clostridiales;f__Lachnospiraceae;g__Lachnoclostridium;s__[Clostridium] lavalense,8.56825389012399e-06,0.0001749918785071,0.0002109252879703,0.0003722783954055,0.000154687442804,0.0002006162578565,0.0001496872351409,0.0001121004715226,2.23896893445142e-05,1.68837130511665e-05,1.8348041061374e-05,0.0005661329018249,5.81395604913498e-05,6.07504402140108e-05,0.0001855773989956,0.0010617608858798,0.0001889282493944,2.87476186191426e-05,1.50114419179012e-05,7.55891120253996e-05,1.15206822941444e-05,1.24977660243232e-05,2.36529923020732e-05,5.63523225707873e-05,0.0001934730711718,1.78671568764799e-05,2.44647550701637e-05,5.55726095838935e-05,0.0002326563742091,6.53530897337255e-05,7.90249705042764e-05,1.81261339521299e-05,2.41982634899091e-05,4.36318497231832e-06
k__Bacteria;p__Bacteroidetes;c__Bacteroidia;o__Bacteroidales;f__Bacteroidaceae;g__Bacteroides;s__Bacteroides faecichinchillae,0.0013453981640237,4.93716652215473e-05,0.0003473389252989,2.14150900284649e-05,6.14026490519785e-05,2.63022943932494e-05,0.0002053532364179,0.0002186696697792,1.45387593146196e-05,4.08961049461588e-05,5.68943458121598e-05,0.0004263561305056,0.0001171600234143,3.44554735542151e-05,2.59462408715565e-05,5.38305344239771e-05,0.000253591677882,4.94459040249253e-05,2.58393672357316e-05,5.9876768514502e-05,0.0001208266679629,9.26917646803967e-05,6.11179509119264e-05,1.79430280822407e-05,7.69832317092214e-05,6.98443405171486e-05,0.0001060139386373,6.46876936955374e-06,6.3832258591107e-05,7.11017411454884e-05,5.89221271303815e-05,7.86605813016958e-06,0.0001254395276498,9.43538750263836e-05
k__Bacteria;p__Firmicutes;c__Clostridia;o__Clostridiales;f__Ruminococcaceae;g__Neglecta;s__Neglecta timonensis,0.0001086527514577,0.0001194852726367,0.0003388560604566,6.90254241096055e-05,8.61998727075852e-05,4.49262792431278e-05,3.90340862612575e-06,0.000129616170198,5.03041072285839e-05,5.60914466922086e-05,8.48018704517288e-06,0.0004784950848866,4.31642191526688e-05,3.95935704877384e-05,0.0003844985790108,9.28112662482363e-07,2.31873910233445e-05,6.20948562173481e-05,3.0761151471109e-05,6.15754002454098e-05,0.0002430582971813,4.3742181085131e-06,1.74376074635722e-05,1.06536729238304e-05,0.0001901938665757,0.0005327661323168,0.0006611756883064,1.85242031946312e-05,0.0004555460640436,1.76997951362173e-05,1.8369839634766e-05,2.35981743905087e-05,2.8290616874232e-05,2.90878998154555e-06
k__Bacteria;p__Firmicutes;c__Clostridia;o__Clostridiales;f__Clostridiales Family XIII. Incertae Sedis;g__Emergencia;s__Emergencia timonensis,3.73721712228813e-05,6.45629468281773e-05,8.68920479790836e-05,8.79548340454807e-06,0.0002090051708115,6.73077347206133e-05,6.10968306697944e-06,2.80251178806521e-05,7.15306958279285e-05,8.42309684441527e-05,5.36564562130938e-05,4.54829176515136e-05,5.50564019804448e-05,6.22616451944588e-05,7.73445085028302e-05,0.0001195409109277,6.1234307279959e-05,8.25056654369394e-05,0.000105326182637,3.94931877436077e-05,3.34380778781264e-05,1.16645816227016e-05,7.28581222735394e-05,6.68658155877253e-05,0.0012301701813493,0.0002659769944112,0.0002013637532698,0.0006001253765117,9.31323117148937e-05,4.41738476903885e-05,0.0002051876427128,6.73744978975395e-05,3.06036861784145e-05,3.99958622462513e-06
k__Bacteria;p__Bacteroidetes;c__Bacteroidia;o__Bacteroidales;f__Bacteroidaceae;g__Bacteroides;s__Bacteroides barnesiae,3.24499828179164e-05,4.87873851597539e-05,3.43899926038589e-06,2.67688625355811e-05,9.56464341001973e-05,6.74711030087701e-05,3.76763789130399e-05,1.01406676541833e-05,0.000182025266619,1.48201481226906e-05,0.0001543394042221,1.29422936406746e-05,0.0002567830588367,0.001140355278246,0.000896998612988,1.70772729896755e-05,1.71456060383885e-05,0.0002529790438484,0.0002743894711222,6.79452692363143e-06,3.2876093375973e-05,0.0001714276906336,6.56068399619549e-06,3.6306595885159e-05,1.18675975860057e-05,8.32447081745085e-05,1.88190423616644e-06,1.11733289110474e-05,4.70893710918002e-05,0.0001045346875138,1.94096418782433e-05,3.42002527398677e-07,3.91442497630883e-05,0.0001163515992618
k__Bacteria;p__Firmicutes;c__Erysipelotrichia;o__Erysipelotrichales;f__Erysipelotrichaceae;g__Faecalitalea;s__Faecalitalea cylindroides,6.21654165219634e-05,0.0001118896318334,6.5570252564691e-05,2.5430419408802e-05,0.0001570490831521,5.57085862614785e-05,1.12010856227956e-05,7.15378009058751e-05,0.0002163367386015,2.85147153753034e-05,4.79516031099775e-05,3.2910403829144e-05,0.000489781752018,0.0001783221876928,4.20081995063295e-05,4.91899711115653e-05,7.47875006245899e-05,0.0001290768075999,0.0001095096992371,3.90685298108807e-05,8.62646210805445e-05,1.10396933214855e-05,3.81555569252422e-05,5.31281847122597e-05,0.000244222666112,0.0004255631910579,0.0004547935237402,0.0002831556774036,0.000259165946083,5.56711505139143e-05,0.0001667149597041,3.42002527398677e-05,0.000101597120976,8.18097182309685e-06
k__Bacteria;p__Firmicutes;c__Erysipelotrichia;o__Erysipelotrichales;f__Erysipelotrichaceae;g__;s__Erysipelotrichaceae bacterium 6_1_45,0.0001246954395924,7.18664476005955e-05,4.12679911246307e-05,4.79927464030775e-05,0.0002467914163819,0.0001978389969579,2.64752932902442e-05,0.0001062004467056,0.0002427972805541,7.69146927886472e-05,3.06828585816255e-05,0.0002603249920867,0.0001651692059413,0.0001136426145296,0.0001621022286832,2.11609687045979e-05,8.24622004703448e-05,9.11299510226822e-05,0.0001599579876497,0.0001363151964053,9.60993498682287e-05,5.76980198122919e-05,8.09726524793602e-05,0.0001244797573205,0.0001122737192676,0.0001900415776861,0.0002295923168123,0.0001393725764167,0.0002291682726467,5.3099385408652e-05,0.0001538907320346,6.90845105345329e-05,5.1599238324071e-05,3.09058935539214e-06
k__Bacteria;p__Firmicutes;c__Clostridia;o__Clostridiales;f__Lachnospiraceae;g__;s__Lachnospiraceae bacterium TF01-11,0.0005142775366816,8.47206089600516e-05,0.0002361446158798,3.53731397791607e-05,0.0001747613857633,7.62929905692388e-05,4.31072083059105e-05,3.9272040188019e-05,0.0001570186005978,1.27565831942147e-05,2.62114872305343e-05,1.92285505518594e-05,0.0001722164253948,0.0001372174122246,0.0001265188126308,9.09550409232716e-06,2.2370933592945e-05,0.0001273519504828,0.000672807904976,1.25274090154454e-05,6.99670705180963e-05,1.41641348275662e-05,1.77829066212667e-05,6.51836567050152e-05,2.29544321729321e-05,0.0001474040442309,0.0002590754831789,0.0002022960602842,0.00018068366093,5.0073779402461e-05,0.0001240830677216,3.93302906508479e-05,2.43761918979232e-05,2.54519123385235e-05
k__Bacteria;p__Proteobacteria;c__Gammaproteobacteria;o__Pasteurellales;f__Pasteurellaceae;g__Haemophilus;s__Haemophilus parainfluenzae,4.13828432565563e-05,8.76420092690189e-06,0.0005518447479832,1.47228743945696e-05,2.59780438296832e-05,8.10306709257869e-05,5.93996964845223e-05,2.13875899615503e-05,0.0001151469737717,2.47627791417108e-05,5.62776049361473e-05,5.91647709287982e-06,1.23326340436196e-05,5.77280302531147e-05,4.62090194569625e-05,2.02328560421155e-05,1.55126911775896e-05,2.29980948953141e-06,5.06943776243876e-05,1.99589228381673e-05,1.88264808221384e-05,2.14544983417547e-05,1.19128209404602e-05,1.06536729238304e-05,1.87383119779038e-06,2.63946635675271e-05,0.0012997685257789,2.64631474209017e-06,2.23238499990757e-05,1.36152270278595e-06,1.87164403825918e-05,0.0009333248972709,0.0001128066106809,3.50872791523931e-05
k__Bacteria;p__Firmicutes;c__Clostridia;o__Clostridiales;f__Ruminococcaceae;g__Fournierella;s__Fournierella massiliensis,0.0001339929065795,8.15070686201876e-05,5.66288544876877e-05,7.41879904557533e-05,0.0002857584821265,0.0001027586532506,1.34073600636493e-05,0.0001545068998946,0.0001448060427736,6.15317542309178e-05,3.65418969037449e-05,0.0001179597620392,0.0001638478522938,9.09745398229714e-05,0.0002065814987487,4.65912556566146e-05,0.000112507833909,0.0001750729973905,7.21041390482795e-05,8.79041920744816e-05,0.0001413391022915,3.37439682656725e-05,3.8673505661784e-05,5.41094440605073e-05,3.93504551535979e-05,0.0001612104836355,0.000306123089083,5.351436478449e-05,0.0002507945023333,3.53995902724346e-05,0.0001081394333216,4.71963487810175e-05,9.53696266955243e-05,3.99958622462513e-06
k__Bacteria;p__Firmicutes;c__Clostridia;o__Clostridiales;f__;g__;s__Clostridiales bacterium 1_7_47FAA,7.32859162516988e-05,0.0001390586547068,0.0002785589400912,3.1549016559792e-05,0.0001723997454151,4.91738547352053e-05,0.0001116714293909,6.47158972112426e-05,4.97225568559991e-05,5.51534626338105e-05,2.55947463545218e-05,0.0003106150473761,6.47463287290031e-05,5.89369942374732e-05,0.0001744575814792,0.0001104454068354,9.83014746200942e-05,1.69610949852942e-05,5.56161618597651e-05,0.000118054905298,9.55373653660753e-06,3.49937448681048e-05,2.8314530930949e-05,0.0001150877035587,0.0004223927825019,8.6899353899243e-05,0.0001662348741947,7.38027778071813e-05,0.0004346174546695,1.99689996408606e-05,7.7985168260799e-05,8.20806065756826e-06,3.50518963787655e-05,1.34531536646481e-05
k__Bacteria;p__Actinobacteria;c__Coriobacteriia;o__Eggerthellales;f__Eggerthellaceae;g__Eggerthella;NA,5.65140150199668e-05,0.0001273730534709,0.0002785589400912,0.0002900597461891,4.60519867889839e-05,1.78071434090943e-05,2.47781591049722e-05,9.36628939695478e-05,8.72325558877177e-07,0.0001084309571508,2.17401158794432e-05,8.50493582101474e-05,4.84496337427915e-06,0.0001462846421073,0.0001954616812323,0.0005383053442397,0.0001580661585253,1.40863331233799e-05,2.95307054122646e-05,1.82602911072595e-05,1.37686203027579e-05,6.39469028244535e-05,1.91641032520447e-05,8.55097432044286e-06,3.93504551535979e-05,0.0004950014598279,0.0001405155163004,6.9392253237031e-05,0.0001018525656207,2.73817343560285e-05,0.0001861246015824,1.71001263699339e-05,9.21669153512716e-05,4.5086244713956e-05
k__Bacteria;p__Firmicutes;c__Erysipelotrichia;o__Erysipelotrichales;f__Erysipelotrichaceae;g__Holdemania;s__Holdemania sp. Marseille-P2844,6.38061459902851e-06,0.0001592163168387,0.0006522635263865,5.73618482905309e-07,1.88931227852242e-05,3.46340770892476e-05,9.97914900939975e-05,4.42501861273454e-06,7.8509300298946e-06,0.0001140588615012,0.0001190309890704,0.000212253615707,2.81888778139878e-05,0.0001130381325375,0.0001962030024001,1.29935772747531e-06,2.87393015500608e-05,6.89942846859423e-06,3.34681328005666e-05,2.90890683917971e-05,2.97851786141294e-05,5.41569861054003e-06,6.73333357504274e-06,7.2893551584103e-06,0.0006222681102662,7.30929144946904e-06,0.0002082640688024,0.0003493135459559,4.8833421872978e-06,2.57176510526235e-06,0.0004013636659822,5.1984384164599e-05,3.73649656829479e-06,7.27197495386386e-07
k__Bacteria;p__Firmicutes;c__Clostridia;o__Clostridiales;f__Ruminococcaceae;g__;s__Ruminococcaceae bacterium D5,1.07558931812195e-05,2.10340822245645e-05,6.87799852077178e-06,2.48568009258967e-06,7.91149516631262e-05,0.0003982918865263,4.24283546318016e-06,0.000334642032588,6.48428665432035e-05,4.10837017578384e-05,3.08370438006286e-06,0.0004004715432243,0.0001242072428678,2.26680747067204e-05,8.89585401310508e-06,4.45494077991534e-06,1.11038210534326e-05,0.0002765520911161,6.1522302942218e-06,0.0005713772484841,0.0001697193196503,5.41569861054003e-06,4.4888890500285e-06,0.0001156484231863,4.76265429438388e-05,3.61403855001525e-05,0.0002885586495455,0.000383715637603,2.40679007802534e-05,6.20249231269154e-06,2.42620523478041e-05,2.94122173562863e-05,3.20271134425268e-06,2.90878998154555e-06
k__Bacteria;p__Firmicutes;c__Clostridia;o__Clostridiales;f__Ruminococcaceae;g__Phocea;s__Phocea massiliensis,8.31302930616285e-05,0.0002448133458914,7.58872503458487e-05,5.73618482905309e-06,0.0004463500258009,9.67140265888424e-05,1.08616587857412e-05,7.28284313345893e-05,5.98996883762329e-05,0.0002170495111133,0.0002231060118975,0.0001172202024026,0.000143587096365,4.1407016464276e-05,0.0001554303381734,2.0418478574612e-06,1.15936955116722e-05,6.35322371483052e-05,6.3491016636369e-05,3.14246870217954e-05,2.38843413415188e-05,4.22841083822933e-05,0.0001759299208453,0.0001181716615103,0.0003755470025571,8.85236408880139e-05,9.97409245168211e-05,0.0001226125830501,8.02263359341781e-05,2.63227722538617e-05,6.86269480695032e-05,1.77841314247312e-05,0.0001008854073439,0.0
k__Bacteria;p__Firmicutes;c__Clostridia;o__Clostridiales;f__Clostridiaceae;g__Clostridium;s__Clostridium sp. SS2/1,4.95864905981644e-05,8.76420092690189e-05,0.0001293063721905,7.74384951922167e-05,0.0004274569030156,4.00252305984229e-05,4.93866047914171e-05,2.08344626349585e-05,4.76871305519524e-05,1.50077449343702e-05,3.03744881436192e-05,0.0001057570280352,7.97216700676841e-05,9.973952870957e-05,0.0002050988564132,0.0003270669022587,0.0001241015294207,5.83576657968595e-05,6.44753734834445e-05,2.16575545690752e-05,2.50083103458256e-05,7.62363727483712e-05,9.97914565737104e-05,5.71934020121424e-05,8.60400824985415e-05,2.51764483259489e-05,0.0003224329257965,6.3511553810164e-05,0.0001963801179606,8.41118469721097e-05,0.0001396801013737,9.47347000894337e-05,0.0001389620866589,1.25441567954152e-05
k__Bacteria;p__Firmicutes;c__Clostridia;o__Clostridiales;f__Ruminococcaceae;g__Ruminococcus;s__Ruminococcus champanellensis,1.05735899069615e-05,0.0001022490108138,8.25359822492614e-06,1.33844312677905e-06,0.0002349832146412,4.42728060905005e-05,4.24283546318016e-06,2.21250930636727e-05,0.0015562287970368,2.68263440701867e-05,1.69603740903458e-06,0.0001945041844284,0.0002519380954625,0.0001260344953693,4.29966277300079e-05,5.56867597489418e-07,4.73545309631683e-06,0.0001733481402734,7.62876556483503e-06,1.59246724772612e-05,6.20992874879489e-05,7.08206741378312e-06,5.00683778657025e-06,8.69115422733536e-06,1.40537339834278e-06,0.0001689258468321,9.53498146324327e-05,1.94063081086612e-05,9.27835015586582e-05,1.70946739349791e-05,0.000129282078939,1.29960960411497e-05,3.38063975226672e-06,1.81799373846597e-07
